user_id,firstName,lastName,email,sex,country,dateCreated
0,Tarrethad,Vanonnian,Tarrethad.Vanonnian@upc.edu,M,China,"2018-01-02 00:00:00"
1,Vorewe,Kanonneo,Vorewe.Kanonneo@upc.edu,F,China,"2018-01-02 00:00:00"
2,Lisuth,Beraru,Lisuth.Beraru@upc.edu,F,China,"2018-01-02 00:00:00"
3,Bethyra,Ianorath,Bethyra.Ianorath@upc.edu,F,China,"2018-01-02 00:00:00"
4,Zubira,Tseroren,Zubira.Tseroren@upc.edu,F,China,"2018-01-02 00:00:00"
5,Velimina,Cutar,Velimina.Cutar@upc.edu,F,China,"2018-01-03 00:00:00"
6,Poreda,Vanian,Poreda.Vanian@upc.edu,F,China,"2018-01-03 00:00:00"
7,Porylle,Barianu,Porylle.Barianu@upc.edu,F,China,"2018-01-03 00:00:00"
8,Belilenne,Beroris,Belilenne.Beroris@upc.edu,F,China,"2018-01-03 00:00:00"
9,Xanyda,Erath,Xanyda.Erath@upc.edu,F,China,"2018-01-03 00:00:00"
10,Ce'Nuda,Tsiru,Ce'Nuda.Tsiru@upc.edu,F,China,"2018-01-04 00:00:00"
11,Nerurath,Anenor,Nerurath.Anenor@upc.edu,F,China,"2018-01-04 00:00:00"
12,Harunik,Edralian,Harunik.Edralian@upc.edu,M,China,"2018-01-04 00:00:00"
13,Eilinunn,Finessian,Eilinunn.Finessian@upc.edu,F,China,"2018-01-04 00:00:00"
14,Beryldir,Edreo,Beryldir.Edreo@upc.edu,M,China,"2018-01-04 00:00:00"
15,Porovena,Ethis,Porovena.Ethis@upc.edu,F,China,"2018-01-05 00:00:00"
16,Zildir,Marian,Zildir.Marian@upc.edu,M,China,"2018-01-05 00:00:00"
17,Emugawe,Derianar,Emugawe.Derianar@upc.edu,F,China,"2018-01-05 00:00:00"
18,Runigen,Varalis,Runigen.Varalis@upc.edu,M,China,"2018-01-05 00:00:00"
19,Aerudhelaith,Ianan,Aerudhelaith.Ianan@upc.edu,F,China,"2018-01-05 00:00:00"
20,Bethera,Daronnis,Bethera.Daronnis@upc.edu,F,Japan,"2018-01-09 00:00:00"
21,Manedas,Kurronneo,Manedas.Kurronneo@upc.edu,M,Japan,"2018-01-09 00:00:00"
22,Manydur,Ettonnen,Manydur.Ettonnen@upc.edu,M,Japan,"2018-01-09 00:00:00"
23,Neruranne,Bettath,Neruranne.Bettath@upc.edu,F,Japan,"2018-01-09 00:00:00"
24,Balilakhad,Illoror,Balilakhad.Illoror@upc.edu,M,Japan,"2018-01-09 00:00:00"
25,Turydar,Tsalian,Turydar.Tsalian@upc.edu,M,Japan,"2018-01-09 00:00:00"
26,Vorirena,Daneleo,Vorirena.Daneleo@upc.edu,F,Japan,"2018-01-09 00:00:00"
27,Isoda,Tserelis,Isoda.Tserelis@upc.edu,F,Japan,"2018-01-09 00:00:00"
28,Vorota,Bettanar,Vorota.Bettanar@upc.edu,F,Japan,"2018-01-09 00:00:00"
29,Bregudan,Banian,Bregudan.Banian@upc.edu,M,"United States","2018-01-16 00:00:00"
30,Khelurerab,Erai,Khelurerab.Erai@upc.edu,M,"United States","2018-01-16 00:00:00"
31,Mayyrenor,Kanelis,Mayyrenor.Kanelis@upc.edu,F,"United States","2018-01-17 00:00:00"
32,Chukan,Yyran,Chukan.Yyran@upc.edu,M,"United States","2018-01-17 00:00:00"
33,Malostir,Ianonnar,Malostir.Ianonnar@upc.edu,M,"United States","2018-01-18 00:00:00"
34,Yvedhebeth,Ettessai,Yvedhebeth.Ettessai@upc.edu,F,"United States","2018-01-18 00:00:00"
35,Delugothel,Aeronnor,Delugothel.Aeronnor@upc.edu,M,"United States","2018-01-19 00:00:00"
36,Anudunadir,Darenian,Anudunadir.Darenian@upc.edu,M,"United States","2018-01-19 00:00:00"
37,Braneldir,Vanis,Braneldir.Vanis@upc.edu,M,Brazil,"2018-01-23 00:00:00"
38,Arunne,Ettessu,Arunne.Ettessu@upc.edu,F,Brazil,"2018-01-23 00:00:00"
39,Porolebeth,Bethu,Porolebeth.Bethu@upc.edu,F,Brazil,"2018-01-23 00:00:00"
40,Korurakhad,Beranath,Korurakhad.Beranath@upc.edu,M,Brazil,"2018-01-23 00:00:00"
41,Tarrisahell,Danelor,Tarrisahell.Danelor@upc.edu,M,Brazil,"2018-01-23 00:00:00"
42,Galodar,Kerian,Galodar.Kerian@upc.edu,M,Brazil,"2018-01-23 00:00:00"
43,Zubada,Ianan,Zubada.Ianan@upc.edu,F,Brazil,"2018-01-23 00:00:00"
44,Saluth,Tsiresseo,Saluth.Tsiresseo@upc.edu,F,Brazil,"2018-01-23 00:00:00"
45,Adobrewyn,Aeran,Adobrewyn.Aeran@upc.edu,F,Brazil,"2018-01-23 00:00:00"
46,Samoneg,Vanaran,Samoneg.Vanaran@upc.edu,M,Brazil,"2018-01-23 00:00:00"
47,Gloruna,Yurenu,Gloruna.Yurenu@upc.edu,F,Brazil,"2018-01-23 00:00:00"
48,Xanuvea,Illath,Xanuvea.Illath@upc.edu,F,Brazil,"2018-01-23 00:00:00"
49,Saliwe,Baralian,Saliwe.Baralian@upc.edu,F,Brazil,"2018-01-23 00:00:00"
50,Khelysalach,Yyrarian,Khelysalach.Yyrarian@upc.edu,M,Brazil,"2018-01-23 00:00:00"
51,Lisyratha,Baru,Lisyratha.Baru@upc.edu,F,Brazil,"2018-01-24 00:00:00"
52,Urthegachak,Varonnan,Urthegachak.Varonnan@upc.edu,M,Brazil,"2018-01-24 00:00:00"
53,Bukor,Illoreo,Bukor.Illoreo@upc.edu,M,Brazil,"2018-01-24 00:00:00"
54,Ce'Nyth,Tsalai,Ce'Nyth.Tsalai@upc.edu,F,Brazil,"2018-01-24 00:00:00"
55,Manolathachak,Berath,Manolathachak.Berath@upc.edu,M,Brazil,"2018-01-24 00:00:00"
56,Zanadas,Anianis,Zanadas.Anianis@upc.edu,M,Brazil,"2018-01-24 00:00:00"
57,Nerywen,Yyrelath,Nerywen.Yyrelath@upc.edu,F,Brazil,"2018-01-24 00:00:00"
58,Xanoraba,Daneo,Xanoraba.Daneo@upc.edu,F,Brazil,"2018-01-24 00:00:00"
59,Beturin,Tsalor,Beturin.Tsalor@upc.edu,F,Brazil,"2018-01-24 00:00:00"
60,Nuntir,Ethen,Nuntir.Ethen@upc.edu,M,Brazil,"2018-01-24 00:00:00"
61,Ivyvea,Varoren,Ivyvea.Varoren@upc.edu,F,Brazil,"2018-01-24 00:00:00"
62,Eilinomimina,Kyrar,Eilinomimina.Kyrar@upc.edu,F,Brazil,"2018-01-24 00:00:00"
63,Amodeyon,Bethar,Amodeyon.Bethar@upc.edu,M,Brazil,"2018-01-24 00:00:00"
64,Faluhek,Maralis,Faluhek.Maralis@upc.edu,M,Brazil,"2018-01-24 00:00:00"
65,Aduyana,Yyralar,Aduyana.Yyralar@upc.edu,F,Brazil,"2018-01-25 00:00:00"
66,Ulfurion,Yyrian,Ulfurion.Yyrian@upc.edu,M,Brazil,"2018-01-25 00:00:00"
67,Nitar,Tsironnath,Nitar.Tsironnath@upc.edu,M,Brazil,"2018-01-25 00:00:00"
68,Hettyrarach,Danai,Hettyrarach.Danai@upc.edu,M,Brazil,"2018-01-25 00:00:00"
69,Isarewen,Ianaran,Isarewen.Ianaran@upc.edu,F,Brazil,"2018-01-25 00:00:00"
70,Brenyntir,Vararen,Brenyntir.Vararen@upc.edu,M,Brazil,"2018-01-25 00:00:00"
71,Korytir,Tsalor,Korytir.Tsalor@upc.edu,M,Brazil,"2018-01-25 00:00:00"
72,Vorama,Vanan,Vorama.Vanan@upc.edu,F,Brazil,"2018-01-25 00:00:00"
73,Isabeth,Daris,Isabeth.Daris@upc.edu,F,Brazil,"2018-01-25 00:00:00"
74,Ce'Niselaith,Yurai,Ce'Niselaith.Yurai@upc.edu,F,Brazil,"2018-01-25 00:00:00"
75,Turorabers,Maressan,Turorabers.Maressan@upc.edu,M,Brazil,"2018-01-25 00:00:00"
76,Beulin,Illor,Beulin.Illor@upc.edu,M,Brazil,"2018-01-25 00:00:00"
77,Grinysta,Keris,Grinysta.Keris@upc.edu,M,Brazil,"2018-01-25 00:00:00"
78,Chamonarigorn,Tsalian,Chamonarigorn.Tsalian@upc.edu,M,Brazil,"2018-01-25 00:00:00"
79,Aluzilahir,Anaran,Aluzilahir.Anaran@upc.edu,M,Brazil,"2018-01-26 00:00:00"
80,Galaruitir,Ethis,Galaruitir.Ethis@upc.edu,M,Brazil,"2018-01-26 00:00:00"
81,Gunn,Kyran,Gunn.Kyran@upc.edu,F,Brazil,"2018-01-26 00:00:00"
82,Emirebeth,Dellianen,Emirebeth.Dellianen@upc.edu,F,Brazil,"2018-01-26 00:00:00"
83,Runagar,Banis,Runagar.Banis@upc.edu,M,Brazil,"2018-01-26 00:00:00"
84,Galadan,Kerath,Galadan.Kerath@upc.edu,M,Brazil,"2018-01-26 00:00:00"
85,Eilinileleda,Karar,Eilinileleda.Karar@upc.edu,F,Brazil,"2018-01-26 00:00:00"
86,Bregitodir,Beror,Bregitodir.Beror@upc.edu,M,Brazil,"2018-01-26 00:00:00"
87,Emetha,Berorath,Emetha.Berorath@upc.edu,F,Brazil,"2018-01-26 00:00:00"
88,Elilravena,Danan,Elilravena.Danan@upc.edu,F,Brazil,"2018-01-26 00:00:00"
89,Zubawyn,Aris,Zubawyn.Aris@upc.edu,F,Brazil,"2018-01-26 00:00:00"
90,Belesetha,Kyrath,Belesetha.Kyrath@upc.edu,F,Brazil,"2018-01-26 00:00:00"
91,Adybeth,Varorian,Adybeth.Varorian@upc.edu,F,Brazil,"2018-01-26 00:00:00"
92,Eilinavea,Banelan,Eilinavea.Banelan@upc.edu,F,Brazil,"2018-01-26 00:00:00"
93,Aeruyama,Betteneo,Aeruyama.Betteneo@upc.edu,F,Croatia,"2018-01-30 00:00:00"
94,Isutira,Banarai,Isutira.Banarai@upc.edu,F,Croatia,"2018-01-30 00:00:00"
95,Elenuhir,Iarror,Elenuhir.Iarror@upc.edu,M,Croatia,"2018-01-30 00:00:00"
96,Deliruiblek,Miru,Deliruiblek.Miru@upc.edu,M,Croatia,"2018-01-30 00:00:00"
97,Chalilathalathadas,Banis,Chalilathalathadas.Banis@upc.edu,M,Croatia,"2018-01-30 00:00:00"
98,Dairerak,Keror,Dairerak.Keror@upc.edu,M,Croatia,"2018-01-30 00:00:00"
99,Layagada,Yyreo,Layagada.Yyreo@upc.edu,F,Croatia,"2018-01-30 00:00:00"
100,Dagilestir,Iarrenan,Dagilestir.Iarrenan@upc.edu,M,Croatia,"2018-01-30 00:00:00"
101,Zayon,Derai,Zayon.Derai@upc.edu,M,Croatia,"2018-01-31 00:00:00"
102,Balesarak,Iarror,Balesarak.Iarror@upc.edu,M,Croatia,"2018-01-31 00:00:00"
103,Aerychak,Ianianai,Aerychak.Ianianai@upc.edu,M,Croatia,"2018-01-31 00:00:00"
104,Yvavea,Manian,Yvavea.Manian@upc.edu,F,Croatia,"2018-01-31 00:00:00"
105,Xerawyn,Finoren,Xerawyn.Finoren@upc.edu,F,Croatia,"2018-01-31 00:00:00"
106,Chamasin,Aerelu,Chamasin.Aerelu@upc.edu,M,Croatia,"2018-01-31 00:00:00"
107,Silevea,Ethian,Silevea.Ethian@upc.edu,F,Croatia,"2018-01-31 00:00:00"
108,Mayilralaith,Dellath,Mayilralaith.Dellath@upc.edu,F,Croatia,"2018-01-31 00:00:00"
109,Aruyagas,Bereo,Aruyagas.Bereo@upc.edu,M,Croatia,"2018-02-01 00:00:00"
110,Silitha,Meren,Silitha.Meren@upc.edu,F,Croatia,"2018-02-01 00:00:00"
111,Gurig,Tsiranan,Gurig.Tsiranan@upc.edu,M,Croatia,"2018-02-01 00:00:00"
112,Haragodan,Bettanath,Haragodan.Bettanath@upc.edu,M,Croatia,"2018-02-01 00:00:00"
113,Betholenor,Baran,Betholenor.Baran@upc.edu,F,Croatia,"2018-02-01 00:00:00"
114,Voreth,Vanalor,Voreth.Vanalor@upc.edu,F,Croatia,"2018-02-01 00:00:00"
115,Gagawe,Eror,Gagawe.Eror@upc.edu,F,Croatia,"2018-02-01 00:00:00"
116,Xerowyn,Aeronnai,Xerowyn.Aeronnai@upc.edu,F,Croatia,"2018-02-01 00:00:00"
117,Yararion,Eralian,Yararion.Eralian@upc.edu,M,France,"2018-02-06 00:00:00"
118,Emelareth,Bereo,Emelareth.Bereo@upc.edu,F,France,"2018-02-06 00:00:00"
119,Eilinaritta,Ereo,Eilinaritta.Ereo@upc.edu,F,France,"2018-02-06 00:00:00"
120,Ulfavor,Tsirelai,Ulfavor.Tsirelai@upc.edu,M,France,"2018-02-06 00:00:00"
121,Olerion,Miralis,Olerion.Miralis@upc.edu,M,France,"2018-02-06 00:00:00"
122,Huriledin,Yuressor,Huriledin.Yuressor@upc.edu,M,France,"2018-02-06 00:00:00"
123,Xerywen,Finoren,Xerywen.Finoren@upc.edu,F,France,"2018-02-06 00:00:00"
124,Pororara,Tsaleo,Pororara.Tsaleo@upc.edu,F,France,"2018-02-06 00:00:00"
125,Ragirain,Manath,Ragirain.Manath@upc.edu,M,France,"2018-02-06 00:00:00"
126,Pologakira,Etten,Pologakira.Etten@upc.edu,F,France,"2018-02-06 00:00:00"
127,Bokolalach,Varianeo,Bokolalach.Varianeo@upc.edu,M,France,"2018-02-06 00:00:00"
128,Bethoyatta,Eris,Bethoyatta.Eris@upc.edu,F,France,"2018-02-06 00:00:00"
129,Samerab,Kurressis,Samerab.Kurressis@upc.edu,M,France,"2018-02-06 00:00:00"
130,Velymissra,Erian,Velymissra.Erian@upc.edu,F,France,"2018-02-06 00:00:00"
131,Silarin,Marar,Silarin.Marar@upc.edu,F,France,"2018-02-06 00:00:00"
132,Elenagatar,Tseran,Elenagatar.Tseran@upc.edu,M,France,"2018-02-06 00:00:00"
133,Velenor,Cutenath,Velenor.Cutenath@upc.edu,F,France,"2018-02-06 00:00:00"
134,Emarawyn,Karu,Emarawyn.Karu@upc.edu,F,France,"2018-02-06 00:00:00"
135,Unroyon,Marelan,Unroyon.Marelan@upc.edu,M,France,"2018-02-06 00:00:00"
136,Cyramina,Miru,Cyramina.Miru@upc.edu,F,France,"2018-02-06 00:00:00"
137,Salulrawyn,Maru,Salulrawyn.Maru@upc.edu,F,France,"2018-02-06 00:00:00"
138,Isegavena,Jedaru,Isegavena.Jedaru@upc.edu,F,France,"2018-02-06 00:00:00"
139,Mayamina,Deror,Mayamina.Deror@upc.edu,F,France,"2018-02-06 00:00:00"
140,Duraruintir,Deren,Duraruintir.Deren@upc.edu,M,France,"2018-02-06 00:00:00"
141,Charorim,Bettath,Charorim.Bettath@upc.edu,M,France,"2018-02-06 00:00:00"
142,Emidawyn,Bettaror,Emidawyn.Bettaror@upc.edu,F,France,"2018-02-06 00:00:00"
143,Xerolle,Karis,Xerolle.Karis@upc.edu,F,France,"2018-02-06 00:00:00"
144,Belirann,Yurarath,Belirann.Yurarath@upc.edu,F,France,"2018-02-06 00:00:00"
145,Unryvor,Daror,Unryvor.Daror@upc.edu,M,France,"2018-02-06 00:00:00"
146,Layarakira,Manonnis,Layarakira.Manonnis@upc.edu,F,France,"2018-02-06 00:00:00"
147,Aeraletha,Vanonneo,Aeraletha.Vanonneo@upc.edu,F,France,"2018-02-06 00:00:00"
148,Adusenn,Vanai,Adusenn.Vanai@upc.edu,F,France,"2018-02-06 00:00:00"
149,Manoreleg,Mirath,Manoreleg.Mirath@upc.edu,M,France,"2018-02-06 00:00:00"
150,Beloda,Etteleo,Beloda.Etteleo@upc.edu,F,Bulgaria,"2018-02-13 00:00:00"
151,Gliba,Dellen,Gliba.Dellen@upc.edu,F,Bulgaria,"2018-02-13 00:00:00"
152,Xanarada,Manis,Xanarada.Manis@upc.edu,F,Bulgaria,"2018-02-13 00:00:00"
153,Mogodig,Banan,Mogodig.Banan@upc.edu,M,Bulgaria,"2018-02-13 00:00:00"
154,Xanuyarawyn,Edrian,Xanuyarawyn.Edrian@upc.edu,F,Bulgaria,"2018-02-13 00:00:00"
155,Glaba,Cuten,Glaba.Cuten@upc.edu,F,Bulgaria,"2018-02-13 00:00:00"
156,Vorodhemira,Mirianar,Vorodhemira.Mirianar@upc.edu,F,Bulgaria,"2018-02-13 00:00:00"
157,Boroyarin,Yyrorar,Boroyarin.Yyrorar@upc.edu,M,Bulgaria,"2018-02-13 00:00:00"
158,Runymamnir,Cutu,Runymamnir.Cutu@upc.edu,M,Bulgaria,"2018-02-13 00:00:00"
159,Radhalen,Danan,Radhalen.Danan@upc.edu,M,Bulgaria,"2018-02-13 00:00:00"
160,Veliwen,Ettonnu,Veliwen.Ettonnu@upc.edu,F,Bulgaria,"2018-02-13 00:00:00"
161,Rhelach,Vananen,Rhelach.Vananen@upc.edu,M,Bulgaria,"2018-02-13 00:00:00"
162,Dairarezor,Aerar,Dairarezor.Aerar@upc.edu,M,Bulgaria,"2018-02-13 00:00:00"
163,Pologatha,Tseranian,Pologatha.Tseranian@upc.edu,F,Bulgaria,"2018-02-13 00:00:00"
164,Gloruriassra,Derianath,Gloruriassra.Derianath@upc.edu,F,Bulgaria,"2018-02-13 00:00:00"
165,Camagen,Jedianen,Camagen.Jedianen@upc.edu,M,Bulgaria,"2018-02-13 00:00:00"
166,Nereriada,Kurrorai,Nereriada.Kurrorai@upc.edu,F,Bulgaria,"2018-02-13 00:00:00"
167,Mardulevor,Beru,Mardulevor.Beru@upc.edu,M,Bulgaria,"2018-02-13 00:00:00"
168,Galegasta,Finianis,Galegasta.Finianis@upc.edu,M,Bulgaria,"2018-02-13 00:00:00"
169,Xarin,Anian,Xarin.Anian@upc.edu,F,Bulgaria,"2018-02-13 00:00:00"
170,Issagrim,Finenian,Issagrim.Finenian@upc.edu,M,Bulgaria,"2018-02-13 00:00:00"
171,Deliduzor,Berelan,Deliduzor.Berelan@upc.edu,M,Bulgaria,"2018-02-13 00:00:00"
172,Unrodur,Yyrarath,Unrodur.Yyrarath@upc.edu,M,Bulgaria,"2018-02-13 00:00:00"
173,Balirahor,Kyronnor,Balirahor.Kyronnor@upc.edu,M,Bulgaria,"2018-02-13 00:00:00"
174,Salararekira,Tseror,Salararekira.Tseror@upc.edu,F,Bulgaria,"2018-02-13 00:00:00"
175,Hanaradil,Illoror,Hanaradil.Illoror@upc.edu,M,Bulgaria,"2018-02-13 00:00:00"
176,Cyrildawen,Kanen,Cyrildawen.Kanen@upc.edu,F,Bulgaria,"2018-02-13 00:00:00"
177,Beluressra,Yyronnu,Beluressra.Yyronnu@upc.edu,F,Bulgaria,"2018-02-13 00:00:00"
178,Cyrymiwyn,Merenen,Cyrymiwyn.Merenen@upc.edu,F,Bulgaria,"2018-02-13 00:00:00"
179,Analarain,Kurralen,Analarain.Kurralen@upc.edu,M,Bulgaria,"2018-02-13 00:00:00"
180,Eilinalle,Keraris,Eilinalle.Keraris@upc.edu,F,Bulgaria,"2018-02-13 00:00:00"
181,Emeladawyn,Ethian,Emeladawyn.Ethian@upc.edu,F,Bulgaria,"2018-02-13 00:00:00"
182,Lisuwyn,Erenu,Lisuwyn.Erenu@upc.edu,F,Bulgaria,"2018-02-13 00:00:00"
183,Cyrelrawyn,Vaneo,Cyrelrawyn.Vaneo@upc.edu,F,Bulgaria,"2018-02-13 00:00:00"
184,Siluwen,Dellessath,Siluwen.Dellessath@upc.edu,F,Bulgaria,"2018-02-13 00:00:00"
185,Aerutohor,Areo,Aerutohor.Areo@upc.edu,M,Bulgaria,"2018-02-13 00:00:00"
186,Barodar,Ianath,Barodar.Ianath@upc.edu,M,Bulgaria,"2018-02-13 00:00:00"
187,Eremibers,Kaneo,Eremibers.Kaneo@upc.edu,M,Bulgaria,"2018-02-13 00:00:00"
188,Tularedan,Cutath,Tularedan.Cutath@upc.edu,M,Bulgaria,"2018-02-13 00:00:00"
189,Xanyrawe,Tsalian,Xanyrawe.Tsalian@upc.edu,F,Bulgaria,"2018-02-13 00:00:00"
190,Ulfuzilarezor,Tsiroror,Ulfuzilarezor.Tsiroror@upc.edu,M,Bulgaria,"2018-02-13 00:00:00"
191,Erelabar,Eraru,Erelabar.Eraru@upc.edu,M,Bulgaria,"2018-02-13 00:00:00"
192,Tarrogagund,Banonneo,Tarrogagund.Banonneo@upc.edu,M,Bulgaria,"2018-02-13 00:00:00"
193,Rhivon,Arianu,Rhivon.Arianu@upc.edu,M,Bulgaria,"2018-02-13 00:00:00"
194,Adita,Cutai,Adita.Cutai@upc.edu,F,Bulgaria,"2018-02-13 00:00:00"
195,Glitta,Maressis,Glitta.Maressis@upc.edu,F,Bulgaria,"2018-02-13 00:00:00"
196,Lorogorak,Mirai,Lorogorak.Mirai@upc.edu,M,Bulgaria,"2018-02-13 00:00:00"
197,Faluroddamas,Bethianeo,Faluroddamas.Bethianeo@upc.edu,M,Bulgaria,"2018-02-14 00:00:00"
198,Koreroddadar,Ettenor,Koreroddadar.Ettenor@upc.edu,M,Bulgaria,"2018-02-14 00:00:00"
199,Toralen,Darar,Toralen.Darar@upc.edu,M,Bulgaria,"2018-02-14 00:00:00"
200,Xanathra,Illonnar,Xanathra.Illonnar@upc.edu,F,Bulgaria,"2018-02-14 00:00:00"
201,Poladath,Baralu,Poladath.Baralu@upc.edu,F,Bulgaria,"2018-02-14 00:00:00"
202,Eilinenne,Bettoreo,Eilinenne.Bettoreo@upc.edu,F,Bulgaria,"2018-02-14 00:00:00"
203,Gloriyalaith,Tsalonnian,Gloriyalaith.Tsalonnian@upc.edu,F,Bulgaria,"2018-02-14 00:00:00"
204,Gloregama,Illenath,Gloregama.Illenath@upc.edu,F,Bulgaria,"2018-02-14 00:00:00"
205,Nareruidas,Iarris,Nareruidas.Iarris@upc.edu,M,Bulgaria,"2018-02-14 00:00:00"
206,Brodikalthotir,Karar,Brodikalthotir.Karar@upc.edu,M,Bulgaria,"2018-02-14 00:00:00"
207,Eilinawe,Kyrar,Eilinawe.Kyrar@upc.edu,F,Bulgaria,"2018-02-14 00:00:00"
208,Cyrusewen,Finianen,Cyrusewen.Finianen@upc.edu,F,Bulgaria,"2018-02-14 00:00:00"
209,Baluruimas,Mirianian,Baluruimas.Mirianian@upc.edu,M,Bulgaria,"2018-02-14 00:00:00"
210,Araldavena,Ethessar,Araldavena.Ethessar@upc.edu,F,Bulgaria,"2018-02-14 00:00:00"
211,Chalynarizor,Kyrath,Chalynarizor.Kyrath@upc.edu,M,Bulgaria,"2018-02-14 00:00:00"
212,Ce'Nolaith,Berath,Ce'Nolaith.Berath@upc.edu,F,Bulgaria,"2018-02-14 00:00:00"
213,Chalafang,Aeris,Chalafang.Aeris@upc.edu,M,Bulgaria,"2018-02-14 00:00:00"
214,Ce'Nymiwe,Anian,Ce'Nymiwe.Anian@upc.edu,F,Bulgaria,"2018-02-14 00:00:00"
215,Duradrazor,Eror,Duradrazor.Eror@upc.edu,M,Bulgaria,"2018-02-14 00:00:00"
216,Yvoda,Eroreo,Yvoda.Eroreo@upc.edu,F,Bulgaria,"2018-02-14 00:00:00"
217,Haruvor,Karen,Haruvor.Karen@upc.edu,M,Bulgaria,"2018-02-14 00:00:00"
218,Ginor,Edru,Ginor.Edru@upc.edu,F,Bulgaria,"2018-02-14 00:00:00"
219,Poluresewen,Darorian,Poluresewen.Darorian@upc.edu,F,Bulgaria,"2018-02-14 00:00:00"
220,Isiwen,Bettanor,Isiwen.Bettanor@upc.edu,F,Bulgaria,"2018-02-14 00:00:00"
221,Brodemayon,Iarrai,Brodemayon.Iarrai@upc.edu,M,Bulgaria,"2018-02-14 00:00:00"
222,Radhutir,Mirenu,Radhutir.Mirenu@upc.edu,M,Bulgaria,"2018-02-14 00:00:00"
223,Ulyrathad,Berelan,Ulyrathad.Berelan@upc.edu,M,Bulgaria,"2018-02-14 00:00:00"
224,Ivyriamina,Bethalai,Ivyriamina.Bethalai@upc.edu,F,Bulgaria,"2018-02-14 00:00:00"
225,Alinik,Vanarai,Alinik.Vanarai@upc.edu,M,Bulgaria,"2018-02-14 00:00:00"
226,Adorida,Karor,Adorida.Karor@upc.edu,F,Bulgaria,"2018-02-14 00:00:00"
227,Eremirim,Ettai,Eremirim.Ettai@upc.edu,M,Bulgaria,"2018-02-14 00:00:00"
228,Eilinywyn,Mirian,Eilinywyn.Mirian@upc.edu,F,Bulgaria,"2018-02-14 00:00:00"
229,Glessra,Derar,Glessra.Derar@upc.edu,F,Bulgaria,"2018-02-14 00:00:00"
230,Islelle,Karelen,Islelle.Karelen@upc.edu,F,Bulgaria,"2018-02-14 00:00:00"
231,Silunor,Jedalis,Silunor.Jedalis@upc.edu,F,Bulgaria,"2018-02-14 00:00:00"
232,Ularan,Deris,Ularan.Deris@upc.edu,M,Bulgaria,"2018-02-14 00:00:00"
233,Emuyabeth,Iarror,Emuyabeth.Iarror@upc.edu,F,Bulgaria,"2018-02-14 00:00:00"
234,Loradrantir,Yuren,Loradrantir.Yuren@upc.edu,M,Bulgaria,"2018-02-14 00:00:00"
235,Xanynne,Bettalai,Xanynne.Bettalai@upc.edu,F,Bulgaria,"2018-02-14 00:00:00"
236,Mayymira,Aeror,Mayymira.Aeror@upc.edu,F,Bulgaria,"2018-02-14 00:00:00"
237,Ce'Nyna,Vanoror,Ce'Nyna.Vanoror@upc.edu,F,Bulgaria,"2018-02-14 00:00:00"
238,Chamekhad,Ianu,Chamekhad.Ianu@upc.edu,M,Bulgaria,"2018-02-14 00:00:00"
239,Fuliziladir,Jedenath,Fuliziladir.Jedenath@upc.edu,M,Bulgaria,"2018-02-14 00:00:00"
240,Falegafast,Karian,Falegafast.Karian@upc.edu,M,Bulgaria,"2018-02-14 00:00:00"
241,Chalathel,Marath,Chalathel.Marath@upc.edu,M,Bulgaria,"2018-02-14 00:00:00"
242,Glabeth,Darian,Glabeth.Darian@upc.edu,F,Bulgaria,"2018-02-14 00:00:00"
243,Chalutovor,Karessen,Chalutovor.Karessen@upc.edu,M,Bulgaria,"2018-02-14 00:00:00"
244,Armaharastir,Daressen,Armaharastir.Daressen@upc.edu,M,Bulgaria,"2018-02-15 00:00:00"
245,Layoletta,Kanessen,Layoletta.Kanessen@upc.edu,F,Bulgaria,"2018-02-15 00:00:00"
246,Bregodin,Danar,Bregodin.Danar@upc.edu,M,Bulgaria,"2018-02-15 00:00:00"
247,Branyrathel,Ianalis,Branyrathel.Ianalis@upc.edu,M,Bulgaria,"2018-02-15 00:00:00"
248,Zodan,Yyranu,Zodan.Yyranu@upc.edu,M,Bulgaria,"2018-02-15 00:00:00"
249,Elenilar,Yuranar,Elenilar.Yuranar@upc.edu,M,Bulgaria,"2018-02-15 00:00:00"
250,Polinn,Areo,Polinn.Areo@upc.edu,F,Bulgaria,"2018-02-15 00:00:00"
251,Glavena,Kanoran,Glavena.Kanoran@upc.edu,F,Bulgaria,"2018-02-15 00:00:00"
252,Xerylemira,Dellarian,Xerylemira.Dellarian@upc.edu,F,Bulgaria,"2018-02-15 00:00:00"
253,Vorosera,Danareo,Vorosera.Danareo@upc.edu,F,Bulgaria,"2018-02-15 00:00:00"
254,Layima,Tsiralai,Layima.Tsiralai@upc.edu,F,Bulgaria,"2018-02-15 00:00:00"
255,Cyramira,Kyru,Cyramira.Kyru@upc.edu,F,Bulgaria,"2018-02-15 00:00:00"
256,Emeliba,Ianaren,Emeliba.Ianaren@upc.edu,F,Bulgaria,"2018-02-15 00:00:00"
257,Lelusatovon,Iarressis,Lelusatovon.Iarressis@upc.edu,M,Bulgaria,"2018-02-15 00:00:00"
258,Galithel,Cutu,Galithel.Cutu@upc.edu,M,Bulgaria,"2018-02-15 00:00:00"
259,Emelossra,Tsiraris,Emelossra.Tsiraris@upc.edu,F,Bulgaria,"2018-02-15 00:00:00"
260,Gloyamina,Miran,Gloyamina.Miran@upc.edu,F,Bulgaria,"2018-02-15 00:00:00"
261,Cyrywyn,Merai,Cyrywyn.Merai@upc.edu,F,Bulgaria,"2018-02-15 00:00:00"
262,Gunyroddagrim,Yyrai,Gunyroddagrim.Yyrai@upc.edu,M,Bulgaria,"2018-02-15 00:00:00"
263,Aerorodas,Tsirai,Aerorodas.Tsirai@upc.edu,M,Bulgaria,"2018-02-15 00:00:00"
264,Xanabreth,Tsiror,Xanabreth.Tsiror@upc.edu,F,Bulgaria,"2018-02-15 00:00:00"
265,Chyzor,Jedelis,Chyzor.Jedelis@upc.edu,M,Bulgaria,"2018-02-15 00:00:00"
266,Erendil,Banu,Erendil.Banu@upc.edu,M,Bulgaria,"2018-02-15 00:00:00"
267,Gilefang,Edren,Gilefang.Edren@upc.edu,M,Bulgaria,"2018-02-15 00:00:00"
268,Ragulach,Banoru,Ragulach.Banoru@upc.edu,M,Bulgaria,"2018-02-15 00:00:00"
269,Ce'Nymivea,Ethen,Ce'Nymivea.Ethen@upc.edu,F,Bulgaria,"2018-02-15 00:00:00"
270,Dairuzilachak,Keraneo,Dairuzilachak.Keraneo@upc.edu,M,Bulgaria,"2018-02-15 00:00:00"
271,Silora,Kanonnis,Silora.Kanonnis@upc.edu,F,Bulgaria,"2018-02-15 00:00:00"
272,Turykath,Edrai,Turykath.Edrai@upc.edu,M,Bulgaria,"2018-02-15 00:00:00"
273,Polathra,Banenan,Polathra.Banenan@upc.edu,F,Bulgaria,"2018-02-15 00:00:00"
274,Isolrata,Eru,Isolrata.Eru@upc.edu,F,Bulgaria,"2018-02-15 00:00:00"
275,Issygund,Kanar,Issygund.Kanar@upc.edu,M,Bulgaria,"2018-02-15 00:00:00"
276,Yvirivena,Tserai,Yvirivena.Tserai@upc.edu,F,Bulgaria,"2018-02-15 00:00:00"
277,Branyhell,Tseroren,Branyhell.Tseroren@upc.edu,M,Bulgaria,"2018-02-15 00:00:00"
278,Velutta,Berai,Velutta.Berai@upc.edu,F,Bulgaria,"2018-02-15 00:00:00"
279,Erelachik,Illai,Erelachik.Illai@upc.edu,M,Bulgaria,"2018-02-15 00:00:00"
280,Hanolarim,Aris,Hanolarim.Aris@upc.edu,M,Bulgaria,"2018-02-15 00:00:00"
281,Lisalrakira,Ianarath,Lisalrakira.Ianarath@upc.edu,F,Bulgaria,"2018-02-15 00:00:00"
282,Lelihor,Yurian,Lelihor.Yurian@upc.edu,M,Bulgaria,"2018-02-15 00:00:00"
283,Islaldaba,Meru,Islaldaba.Meru@upc.edu,F,Bulgaria,"2018-02-15 00:00:00"
284,Silyrawe,Tseraleo,Silyrawe.Tseraleo@upc.edu,F,Bulgaria,"2018-02-15 00:00:00"
285,Isuwyn,Jedaneo,Isuwyn.Jedaneo@upc.edu,F,Bulgaria,"2018-02-15 00:00:00"
286,Layyba,Maran,Layyba.Maran@upc.edu,F,Bulgaria,"2018-02-15 00:00:00"
287,Guvea,Ethelai,Guvea.Ethelai@upc.edu,F,Bulgaria,"2018-02-15 00:00:00"
288,Ce'Nylle,Ethalai,Ce'Nylle.Ethalai@upc.edu,F,Bulgaria,"2018-02-15 00:00:00"
289,Eratar,Vanaren,Eratar.Vanaren@upc.edu,M,Bulgaria,"2018-02-15 00:00:00"
290,Yvuwe,Barelar,Yvuwe.Barelar@upc.edu,F,Bulgaria,"2018-02-15 00:00:00"
291,Unrylahad,Kanenis,Unrylahad.Kanenis@upc.edu,M,Bulgaria,"2018-02-16 00:00:00"
292,Tarrotoleg,Aerenu,Tarrotoleg.Aerenu@upc.edu,M,Bulgaria,"2018-02-17 00:00:00"
293,Haligas,Jedeo,Haligas.Jedeo@upc.edu,M,Japan,"2018-02-20 00:00:00"
294,Camagund,Beror,Camagund.Beror@upc.edu,M,Japan,"2018-02-20 00:00:00"
295,Dribers,Karen,Dribers.Karen@upc.edu,M,Japan,"2018-02-20 00:00:00"
296,Drondil,Iarrai,Drondil.Iarrai@upc.edu,M,Japan,"2018-02-20 00:00:00"
297,Eremozilagorn,Darianen,Eremozilagorn.Darianen@upc.edu,M,Japan,"2018-02-20 00:00:00"
298,Brodyyon,Tseran,Brodyyon.Tseran@upc.edu,M,Japan,"2018-02-20 00:00:00"
299,Uladenik,Kanenor,Uladenik.Kanenor@upc.edu,M,Japan,"2018-02-20 00:00:00"
300,Velowen,Banen,Velowen.Banen@upc.edu,F,Japan,"2018-02-20 00:00:00"
301,Branymasin,Banaleo,Branymasin.Banaleo@upc.edu,M,Japan,"2018-02-21 00:00:00"
302,Nerorewe,Daranai,Nerorewe.Daranai@upc.edu,F,Japan,"2018-02-21 00:00:00"
303,Relgoldil,Jedan,Relgoldil.Jedan@upc.edu,M,Japan,"2018-02-21 00:00:00"
304,Layyseth,Anan,Layyseth.Anan@upc.edu,F,Japan,"2018-02-21 00:00:00"
305,Beloyanne,Vaneleo,Beloyanne.Vaneleo@upc.edu,F,Japan,"2018-02-21 00:00:00"
306,Lelarak,Aerian,Lelarak.Aerian@upc.edu,M,Japan,"2018-02-21 00:00:00"
307,Arunne,Tserath,Arunne.Tserath@upc.edu,F,Japan,"2018-02-21 00:00:00"
308,Golendur,Kurreo,Golendur.Kurreo@upc.edu,M,Japan,"2018-02-21 00:00:00"
309,Emethra,Finan,Emethra.Finan@upc.edu,F,Bulgaria,"2018-02-21 00:00:00"
310,Mayomitha,Miressan,Mayomitha.Miressan@upc.edu,F,Bulgaria,"2018-02-21 00:00:00"
311,Eletira,Deroror,Eletira.Deroror@upc.edu,F,Bulgaria,"2018-02-21 00:00:00"
312,Lisera,Banianan,Lisera.Banianan@upc.edu,F,Japan,"2018-02-21 00:00:00"
313,Isagaldaba,Barelan,Isagaldaba.Barelan@upc.edu,F,Japan,"2018-02-22 00:00:00"
314,Yarirostir,Tsalor,Yarirostir.Tsalor@upc.edu,M,Japan,"2018-02-22 00:00:00"
315,Rhurim,Aralen,Rhurim.Aralen@upc.edu,M,Japan,"2018-02-22 00:00:00"
316,Hettamadas,Bethan,Hettamadas.Bethan@upc.edu,M,Japan,"2018-02-22 00:00:00"
317,Xerokira,Illanar,Xerokira.Illanar@upc.edu,F,Japan,"2018-02-22 00:00:00"
318,Gilakalthobers,Dellian,Gilakalthobers.Dellian@upc.edu,M,Japan,"2018-02-22 00:00:00"
319,Ragyrathad,Illalai,Ragyrathad.Illalai@upc.edu,M,Japan,"2018-02-22 00:00:00"
320,Guyon,Miru,Guyon.Miru@upc.edu,M,Japan,"2018-02-22 00:00:00"
321,Hybers,Illeo,Hybers.Illeo@upc.edu,M,Japan,"2018-02-23 00:00:00"
322,Duvusta,Beru,Duvusta.Beru@upc.edu,M,Japan,"2018-02-23 00:00:00"
323,Bregydur,Manessis,Bregydur.Manessis@upc.edu,M,Japan,"2018-02-23 00:00:00"
324,Beliressra,Illar,Beliressra.Illar@upc.edu,F,Japan,"2018-02-23 00:00:00"
325,Urthutar,Varenian,Urthutar.Varenian@upc.edu,M,Japan,"2018-02-23 00:00:00"
326,Rhotir,Meris,Rhotir.Meris@upc.edu,M,Japan,"2018-02-23 00:00:00"
327,Ivirath,Aeronneo,Ivirath.Aeronneo@upc.edu,F,Japan,"2018-02-23 00:00:00"
328,Glidarin,Ettaru,Glidarin.Ettaru@upc.edu,F,Japan,"2018-02-23 00:00:00"
329,Pororavena,Tsalanian,Pororavena.Tsalanian@upc.edu,F,Japan,"2018-02-24 00:00:00"
330,Elossra,Tsalai,Elossra.Tsalai@upc.edu,F,Japan,"2018-02-26 00:00:00"
331,Gloma,Edrar,Gloma.Edrar@upc.edu,F,India,"2018-02-27 00:00:00"
332,Koruithel,Dararu,Koruithel.Dararu@upc.edu,M,India,"2018-02-27 00:00:00"
333,Eilinukira,Kyraneo,Eilinukira.Kyraneo@upc.edu,F,India,"2018-02-27 00:00:00"
334,Halytonik,Keressis,Halytonik.Keressis@upc.edu,M,India,"2018-02-27 00:00:00"
335,Bozilakor,Finen,Bozilakor.Finen@upc.edu,M,India,"2018-02-27 00:00:00"
336,Armukor,Finessu,Armukor.Finessu@upc.edu,M,India,"2018-02-27 00:00:00"
337,Polydathra,Banelis,Polydathra.Banelis@upc.edu,F,India,"2018-02-27 00:00:00"
338,Dairerand,Iarror,Dairerand.Iarror@upc.edu,M,India,"2018-02-27 00:00:00"
339,Yvaldabeth,Eresseo,Yvaldabeth.Eresseo@upc.edu,F,India,"2018-02-27 00:00:00"
340,Lisawen,Karanian,Lisawen.Karanian@upc.edu,F,India,"2018-02-27 00:00:00"
341,Mayeth,Jedan,Mayeth.Jedan@upc.edu,F,India,"2018-02-27 00:00:00"
342,Nerydada,Kereo,Nerydada.Kereo@upc.edu,F,India,"2018-02-27 00:00:00"
343,Khelorarach,Darorar,Khelorarach.Darorar@upc.edu,M,India,"2018-02-27 00:00:00"
344,Cutherath,Tsalanar,Cutherath.Tsalanar@upc.edu,M,India,"2018-02-27 00:00:00"
345,Hatheldil,Banian,Hatheldil.Banian@upc.edu,M,India,"2018-02-27 00:00:00"
346,Gloruldavea,Finis,Gloruldavea.Finis@upc.edu,F,India,"2018-02-27 00:00:00"
347,Silildavena,Vaneo,Silildavena.Vaneo@upc.edu,F,India,"2018-02-27 00:00:00"
348,Galagokalthobar,Darenen,Galagokalthobar.Darenen@upc.edu,M,India,"2018-02-27 00:00:00"
349,Ulfodil,Kereo,Ulfodil.Kereo@upc.edu,M,India,"2018-02-27 00:00:00"
350,Biruimas,Darianu,Biruimas.Darianu@upc.edu,M,India,"2018-02-27 00:00:00"
351,Hirerab,Kanai,Hirerab.Kanai@upc.edu,M,India,"2018-02-27 00:00:00"
352,Isloriama,Kerianen,Isloriama.Kerianen@upc.edu,F,India,"2018-02-27 00:00:00"
353,Voratta,Tsirarian,Voratta.Tsirarian@upc.edu,F,India,"2018-02-27 00:00:00"
354,Glorudhetira,Finarath,Glorudhetira.Finarath@upc.edu,F,India,"2018-02-27 00:00:00"
355,Aerymina,Eronnu,Aerymina.Eronnu@upc.edu,F,India,"2018-02-27 00:00:00"
356,Eremidralin,Aris,Eremidralin.Aris@upc.edu,M,India,"2018-02-27 00:00:00"
357,Xama,Danu,Xama.Danu@upc.edu,F,India,"2018-02-27 00:00:00"
358,Salotha,Betharan,Salotha.Betharan@upc.edu,F,India,"2018-02-27 00:00:00"
359,Manoresus,Erorath,Manoresus.Erorath@upc.edu,M,India,"2018-02-27 00:00:00"
360,Cuthondil,Yyran,Cuthondil.Yyran@upc.edu,M,India,"2018-02-27 00:00:00"
361,Eilinona,Ianian,Eilinona.Ianian@upc.edu,F,India,"2018-02-27 00:00:00"
362,Iselevea,Kyrai,Iselevea.Kyrai@upc.edu,F,India,"2018-02-27 00:00:00"
363,Erelogas,Dellalath,Erelogas.Dellalath@upc.edu,M,India,"2018-02-27 00:00:00"
364,Zuboth,Darath,Zuboth.Darath@upc.edu,F,India,"2018-02-27 00:00:00"
365,Ce'Nolle,Bethianath,Ce'Nolle.Bethianath@upc.edu,F,India,"2018-02-28 00:00:00"
366,Chudin,Kyranath,Chudin.Kyranath@upc.edu,M,India,"2018-02-28 00:00:00"
367,Bethebeth,Banor,Bethebeth.Banor@upc.edu,F,India,"2018-02-28 00:00:00"
368,Loryduran,Deror,Loryduran.Deror@upc.edu,M,India,"2018-02-28 00:00:00"
369,Urthaharachik,Mirianian,Urthaharachik.Mirianian@upc.edu,M,India,"2018-02-28 00:00:00"
370,Adeda,Jedar,Adeda.Jedar@upc.edu,F,India,"2018-02-28 00:00:00"
371,Hettatir,Yyressai,Hettatir.Yyressai@upc.edu,M,India,"2018-02-28 00:00:00"
372,Khelerab,Yyralor,Khelerab.Yyralor@upc.edu,M,India,"2018-02-28 00:00:00"
373,Khelydradan,Jedianar,Khelydradan.Jedianar@upc.edu,M,India,"2018-02-28 00:00:00"
374,Gulemina,Eralor,Gulemina.Eralor@upc.edu,F,India,"2018-02-28 00:00:00"
375,Bethurima,Banan,Bethurima.Banan@upc.edu,F,India,"2018-02-28 00:00:00"
376,Ce'Neba,Aeror,Ce'Neba.Aeror@upc.edu,F,India,"2018-02-28 00:00:00"
377,Lisilrana,Merar,Lisilrana.Merar@upc.edu,F,India,"2018-02-28 00:00:00"
378,Ivimira,Bettareo,Ivimira.Bettareo@upc.edu,F,India,"2018-02-28 00:00:00"
379,Galukalthosta,Ianan,Galukalthosta.Ianan@upc.edu,M,India,"2018-02-28 00:00:00"
380,Xitta,Maneo,Xitta.Maneo@upc.edu,F,India,"2018-02-28 00:00:00"
381,Relgiharasus,Deranu,Relgiharasus.Deranu@upc.edu,M,India,"2018-02-28 00:00:00"
382,Xanor,Erarar,Xanor.Erarar@upc.edu,F,India,"2018-02-28 00:00:00"
383,Gororomigar,Baranu,Gororomigar.Baranu@upc.edu,M,India,"2018-02-28 00:00:00"
384,Runarim,Iarror,Runarim.Iarror@upc.edu,M,India,"2018-02-28 00:00:00"
385,Fuludunarig,Anan,Fuludunarig.Anan@upc.edu,M,India,"2018-02-28 00:00:00"
386,Xorin,Barenor,Xorin.Barenor@upc.edu,F,India,"2018-02-28 00:00:00"
387,Betaseth,Aranian,Betaseth.Aranian@upc.edu,F,India,"2018-02-28 00:00:00"
388,Xuba,Yurar,Xuba.Yurar@upc.edu,F,India,"2018-02-28 00:00:00"
389,Aeralle,Kyrelan,Aeralle.Kyrelan@upc.edu,F,India,"2018-02-28 00:00:00"
390,Salama,Kurru,Salama.Kurru@upc.edu,F,India,"2018-02-28 00:00:00"
391,Arygorn,Dellaneo,Arygorn.Dellaneo@upc.edu,M,India,"2018-02-28 00:00:00"
392,Tulafast,Bethorian,Tulafast.Bethorian@upc.edu,M,India,"2018-02-28 00:00:00"
393,Norak,Baronnu,Norak.Baronnu@upc.edu,M,India,"2018-02-28 00:00:00"
394,Chamohell,Dellath,Chamohell.Dellath@upc.edu,M,India,"2018-02-28 00:00:00"
395,Layovea,Ethelu,Layovea.Ethelu@upc.edu,F,India,"2018-02-28 00:00:00"
396,Adiressra,Bethalis,Adiressra.Bethalis@upc.edu,F,India,"2018-02-28 00:00:00"
397,Gelatharion,Ethelai,Gelatharion.Ethelai@upc.edu,M,India,"2018-02-28 00:00:00"
398,Zerontir,Meren,Zerontir.Meren@upc.edu,M,India,"2018-02-28 00:00:00"
399,Branodur,Ettis,Branodur.Ettis@upc.edu,M,India,"2018-02-28 00:00:00"
400,Iveganor,Yureo,Iveganor.Yureo@upc.edu,F,India,"2018-03-01 00:00:00"
401,Bokechik,Dellenar,Bokechik.Dellenar@upc.edu,M,India,"2018-03-01 00:00:00"
402,Gada,Yyrai,Gada.Yyrai@upc.edu,F,India,"2018-03-01 00:00:00"
403,Aeredas,Banonneo,Aeredas.Banonneo@upc.edu,M,India,"2018-03-01 00:00:00"
404,Areda,Ettor,Areda.Ettor@upc.edu,F,India,"2018-03-01 00:00:00"
405,Xawe,Kanessu,Xawe.Kanessu@upc.edu,F,India,"2018-03-01 00:00:00"
406,Earulagorn,Tserelor,Earulagorn.Tserelor@upc.edu,M,India,"2018-03-01 00:00:00"
407,Ce'Nadath,Danan,Ce'Nadath.Danan@upc.edu,F,India,"2018-03-01 00:00:00"
408,Borurogas,Tsaleo,Borurogas.Tsaleo@upc.edu,M,India,"2018-03-01 00:00:00"
409,Belawyn,Tsalelis,Belawyn.Tsalelis@upc.edu,F,India,"2018-03-01 00:00:00"
410,Glugawyn,Ettan,Glugawyn.Ettan@upc.edu,F,India,"2018-03-01 00:00:00"
411,Cyrawyn,Yurianu,Cyrawyn.Yurianu@upc.edu,F,India,"2018-03-01 00:00:00"
412,Gloradavena,Danelor,Gloradavena.Danelor@upc.edu,F,India,"2018-03-01 00:00:00"
413,Belywen,Bananeo,Belywen.Bananeo@upc.edu,F,India,"2018-03-01 00:00:00"
414,Branebers,Etheo,Branebers.Etheo@upc.edu,M,India,"2018-03-01 00:00:00"
415,Hettimahell,Barenian,Hettimahell.Barenian@upc.edu,M,India,"2018-03-01 00:00:00"
416,Gunigund,Vanaror,Gunigund.Vanaror@upc.edu,M,India,"2018-03-01 00:00:00"
417,Xerikira,Deralian,Xerikira.Deralian@upc.edu,F,India,"2018-03-01 00:00:00"
418,Toririm,Beranu,Toririm.Beranu@upc.edu,M,India,"2018-03-01 00:00:00"
419,Toralar,Kananath,Toralar.Kananath@upc.edu,M,India,"2018-03-01 00:00:00"
420,Neryssra,Edronnai,Neryssra.Edronnai@upc.edu,F,India,"2018-03-01 00:00:00"
421,Tolin,Kanessu,Tolin.Kanessu@upc.edu,M,India,"2018-03-01 00:00:00"
422,Emyyada,Ianor,Emyyada.Ianor@upc.edu,F,India,"2018-03-01 00:00:00"
423,Polethra,Eronnor,Polethra.Eronnor@upc.edu,F,India,"2018-03-01 00:00:00"
424,Beratonik,Jeden,Beratonik.Jeden@upc.edu,M,India,"2018-03-01 00:00:00"
425,Torubers,Dellan,Torubers.Dellan@upc.edu,M,India,"2018-03-01 00:00:00"
426,Polawyn,Kyran,Polawyn.Kyran@upc.edu,F,India,"2018-03-01 00:00:00"
427,Anador,Cutis,Anador.Cutis@upc.edu,M,India,"2018-03-01 00:00:00"
428,Glayamina,Tsalar,Glayamina.Tsalar@upc.edu,F,India,"2018-03-01 00:00:00"
429,Salylaith,Yuranai,Salylaith.Yuranai@upc.edu,F,India,"2018-03-01 00:00:00"
430,Ce'Nibrerin,Mananen,Ce'Nibrerin.Mananen@upc.edu,F,India,"2018-03-01 00:00:00"
431,Nafast,Tsalessen,Nafast.Tsalessen@upc.edu,M,India,"2018-03-01 00:00:00"
432,Emoldana,Keronnor,Emoldana.Keronnor@upc.edu,F,India,"2018-03-01 00:00:00"
433,Halosta,Daronnan,Halosta.Daronnan@upc.edu,M,India,"2018-03-01 00:00:00"
434,Adowyn,Tsireo,Adowyn.Tsireo@upc.edu,F,India,"2018-03-01 00:00:00"
435,Vorussra,Arian,Vorussra.Arian@upc.edu,F,India,"2018-03-02 00:00:00"
436,Salyth,Jedor,Salyth.Jedor@upc.edu,F,India,"2018-03-02 00:00:00"
437,Aerisamnir,Baralis,Aerisamnir.Baralis@upc.edu,M,India,"2018-03-02 00:00:00"
438,Grinegolach,Vananar,Grinegolach.Vananar@upc.edu,M,India,"2018-03-02 00:00:00"
439,Duvadar,Banis,Duvadar.Banis@upc.edu,M,India,"2018-03-02 00:00:00"
440,Arthedar,Darianen,Arthedar.Darianen@upc.edu,M,India,"2018-03-02 00:00:00"
441,Xeriritta,Keralan,Xeriritta.Keralan@upc.edu,F,India,"2018-03-02 00:00:00"
442,Porimirin,Baressen,Porimirin.Baressen@upc.edu,F,India,"2018-03-02 00:00:00"
443,Poryrida,Berian,Poryrida.Berian@upc.edu,F,India,"2018-03-02 00:00:00"
444,Layavea,Edrar,Layavea.Edrar@upc.edu,F,India,"2018-03-02 00:00:00"
445,Torathel,Vanonnu,Torathel.Vanonnu@upc.edu,M,India,"2018-03-02 00:00:00"
446,Arivena,Vanan,Arivena.Vanan@upc.edu,F,India,"2018-03-02 00:00:00"
447,Elevena,Manalian,Elevena.Manalian@upc.edu,F,India,"2018-03-02 00:00:00"
448,Zuboth,Manen,Zuboth.Manen@upc.edu,F,India,"2018-03-02 00:00:00"
449,Branadrarab,Edru,Branadrarab.Edru@upc.edu,M,India,"2018-03-02 00:00:00"
450,Lisulranne,Finianor,Lisulranne.Finianor@upc.edu,F,India,"2018-03-02 00:00:00"
451,Balayon,Aralor,Balayon.Aralor@upc.edu,M,India,"2018-03-02 00:00:00"
452,Xanitira,Finesseo,Xanitira.Finesseo@upc.edu,F,India,"2018-03-02 00:00:00"
453,Erugazor,Illianai,Erugazor.Illianai@upc.edu,M,India,"2018-03-02 00:00:00"
454,Belita,Yuror,Belita.Yuror@upc.edu,F,India,"2018-03-02 00:00:00"
455,Bethuth,Miran,Bethuth.Miran@upc.edu,F,India,"2018-03-02 00:00:00"
456,Islirin,Darath,Islirin.Darath@upc.edu,F,India,"2018-03-02 00:00:00"
457,Cyronn,Dellan,Cyronn.Dellan@upc.edu,F,India,"2018-03-02 00:00:00"
458,Chalayon,Vanan,Chalayon.Vanan@upc.edu,M,India,"2018-03-02 00:00:00"
459,Glorywen,Yuraror,Glorywen.Yuraror@upc.edu,F,India,"2018-03-02 00:00:00"
460,Fuladrasus,Ethonnis,Fuladrasus.Ethonnis@upc.edu,M,India,"2018-03-02 00:00:00"
461,Cyrodhema,Finar,Cyrodhema.Finar@upc.edu,F,India,"2018-03-02 00:00:00"
462,Balytir,Bettessian,Balytir.Bettessian@upc.edu,M,India,"2018-03-02 00:00:00"
463,Vorunor,Tsiranar,Vorunor.Tsiranar@upc.edu,F,India,"2018-03-02 00:00:00"
464,Salywe,Ettai,Salywe.Ettai@upc.edu,F,India,"2018-03-02 00:00:00"
465,Unridig,Manalen,Unridig.Manalen@upc.edu,M,India,"2018-03-02 00:00:00"
466,Koryndil,Kyreneo,Koryndil.Kyreneo@upc.edu,M,India,"2018-03-02 00:00:00"
467,Eilinoma,Yyrian,Eilinoma.Yyrian@upc.edu,F,India,"2018-03-02 00:00:00"
468,Lisutira,Meronnen,Lisutira.Meronnen@upc.edu,F,India,"2018-03-02 00:00:00"
469,Delyziladar,Merarath,Delyziladar.Merarath@upc.edu,M,India,"2018-03-02 00:00:00"
470,Velera,Manelath,Velera.Manelath@upc.edu,F,India,"2018-03-02 00:00:00"
471,Neruwyn,Aeressis,Neruwyn.Aeressis@upc.edu,F,India,"2018-03-02 00:00:00"
472,Aerenor,Miror,Aerenor.Miror@upc.edu,F,Bulgaria,"2018-03-03 00:00:00"
473,Elikira,Merorar,Elikira.Merorar@upc.edu,F,India,"2018-03-03 00:00:00"
474,Lelerak,Barar,Lelerak.Barar@upc.edu,M,Germany,"2018-03-06 00:00:00"
475,Lorazor,Iarrai,Lorazor.Iarrai@upc.edu,M,Germany,"2018-03-06 00:00:00"
476,Gloredhenn,Keronnian,Gloredhenn.Keronnian@upc.edu,F,Germany,"2018-03-06 00:00:00"
477,Eilinudhema,Banen,Eilinudhema.Banen@upc.edu,F,Germany,"2018-03-06 00:00:00"
478,Erelayagas,Iananan,Erelayagas.Iananan@upc.edu,M,Germany,"2018-03-06 00:00:00"
479,Ce'Niwyn,Bettaru,Ce'Niwyn.Bettaru@upc.edu,F,Germany,"2018-03-06 00:00:00"
480,Mardydir,Berorar,Mardydir.Berorar@upc.edu,M,Germany,"2018-03-06 00:00:00"
481,Brenidelen,Edrar,Brenidelen.Edrar@upc.edu,M,Germany,"2018-03-06 00:00:00"
482,Glylaith,Kanu,Glylaith.Kanu@upc.edu,F,Germany,"2018-03-06 00:00:00"
483,Deloharahell,Baris,Deloharahell.Baris@upc.edu,M,Germany,"2018-03-06 00:00:00"
484,Ce'Nebeth,Arath,Ce'Nebeth.Arath@upc.edu,F,Germany,"2018-03-06 00:00:00"
485,Aerovor,Vareleo,Aerovor.Vareleo@upc.edu,M,Germany,"2018-03-06 00:00:00"
486,Tumnir,Varen,Tumnir.Varen@upc.edu,M,Germany,"2018-03-06 00:00:00"
487,Glorydhewyn,Ettelen,Glorydhewyn.Ettelen@upc.edu,F,Germany,"2018-03-06 00:00:00"
488,Olyntir,Kanonnar,Olyntir.Kanonnar@upc.edu,M,Germany,"2018-03-06 00:00:00"
489,Lisutha,Kanian,Lisutha.Kanian@upc.edu,F,Germany,"2018-03-06 00:00:00"
490,Gura,Anianis,Gura.Anianis@upc.edu,F,Germany,"2018-03-06 00:00:00"
491,Cyrama,Tsalar,Cyrama.Tsalar@upc.edu,F,Germany,"2018-03-06 00:00:00"
492,Uriregorig,Kyrar,Uriregorig.Kyrar@upc.edu,M,Germany,"2018-03-06 00:00:00"
493,Salyrenn,Berenis,Salyrenn.Berenis@upc.edu,F,Germany,"2018-03-06 00:00:00"
494,Maninarilin,Tsirian,Maninarilin.Tsirian@upc.edu,M,Germany,"2018-03-06 00:00:00"
495,Myregodan,Jedanar,Myregodan.Jedanar@upc.edu,M,Germany,"2018-03-06 00:00:00"
496,Harion,Manalu,Harion.Manalu@upc.edu,M,India,"2018-03-06 00:00:00"
497,Gloromira,Baralis,Gloromira.Baralis@upc.edu,F,Germany,"2018-03-07 00:00:00"
498,Voryrelaith,Yuru,Voryrelaith.Yuru@upc.edu,F,Germany,"2018-03-07 00:00:00"
499,Ce'Nomina,Varen,Ce'Nomina.Varen@upc.edu,F,Germany,"2018-03-07 00:00:00"
500,Armisus,Merianath,Armisus.Merianath@upc.edu,M,Germany,"2018-03-07 00:00:00"
501,Mayiyada,Jedar,Mayiyada.Jedar@upc.edu,F,Germany,"2018-03-07 00:00:00"
502,Cuthetar,Kyrenu,Cuthetar.Kyrenu@upc.edu,M,Germany,"2018-03-07 00:00:00"
503,Belayaldara,Yuranian,Belayaldara.Yuranian@upc.edu,F,Germany,"2018-03-07 00:00:00"
504,Siledhemira,Eroru,Siledhemira.Eroru@upc.edu,F,Germany,"2018-03-07 00:00:00"
505,Zerontir,Tsirai,Zerontir.Tsirai@upc.edu,M,Germany,"2018-03-07 00:00:00"
506,Layiba,Kanan,Layiba.Kanan@upc.edu,F,Germany,"2018-03-07 00:00:00"
507,Hettulekath,Finianan,Hettulekath.Finianan@upc.edu,M,Germany,"2018-03-07 00:00:00"
508,Ulirath,Illen,Ulirath.Illen@upc.edu,M,Germany,"2018-03-07 00:00:00"
509,Salomina,Kanonnar,Salomina.Kanonnar@upc.edu,F,Germany,"2018-03-07 00:00:00"
510,Mayoma,Yurai,Mayoma.Yurai@upc.edu,F,Germany,"2018-03-07 00:00:00"
511,Bineg,Danis,Bineg.Danis@upc.edu,M,Germany,"2018-03-07 00:00:00"
512,Cyruriawe,Ianelis,Cyruriawe.Ianelis@upc.edu,F,Germany,"2018-03-07 00:00:00"
513,Bokurab,Cuteo,Bokurab.Cuteo@upc.edu,M,Germany,"2018-03-07 00:00:00"
514,Belybeth,Illar,Belybeth.Illar@upc.edu,F,Germany,"2018-03-07 00:00:00"
515,Bethaldawyn,Dellonnu,Bethaldawyn.Dellonnu@upc.edu,F,Germany,"2018-03-07 00:00:00"
516,Elylrana,Derai,Elylrana.Derai@upc.edu,F,Germany,"2018-03-07 00:00:00"
517,Gorilen,Derar,Gorilen.Derar@upc.edu,M,Germany,"2018-03-07 00:00:00"
518,Camohir,Yurelath,Camohir.Yurelath@upc.edu,M,Germany,"2018-03-07 00:00:00"
519,Emurivena,Ananan,Emurivena.Ananan@upc.edu,F,Germany,"2018-03-08 00:00:00"
520,Falyvon,Maranis,Falyvon.Maranis@upc.edu,M,Germany,"2018-03-08 00:00:00"
521,Camogagas,Darelai,Camogagas.Darelai@upc.edu,M,Germany,"2018-03-08 00:00:00"
522,Tarrulach,Tsalenen,Tarrulach.Tsalenen@upc.edu,M,Germany,"2018-03-09 00:00:00"
523,Nythel,Arar,Nythel.Arar@upc.edu,M,Germany,"2018-03-11 00:00:00"
524,Cyruth,Kyralath,Cyruth.Kyralath@upc.edu,F,India,"2018-03-13 00:00:00"
525,Chogas,Kurror,Chogas.Kurror@upc.edu,M,India,"2018-03-13 00:00:00"
526,Hathurig,Erenar,Hathurig.Erenar@upc.edu,M,India,"2018-03-13 00:00:00"
527,Salilaith,Dellian,Salilaith.Dellian@upc.edu,F,India,"2018-03-13 00:00:00"
528,Yvoba,Iarrai,Yvoba.Iarrai@upc.edu,F,India,"2018-03-13 00:00:00"
529,Runeleg,Kyrenis,Runeleg.Kyrenis@upc.edu,M,India,"2018-03-13 00:00:00"
530,Betina,Vanoris,Betina.Vanoris@upc.edu,F,India,"2018-03-13 00:00:00"
531,Layiwe,Iarronnai,Layiwe.Iarronnai@upc.edu,F,India,"2018-03-13 00:00:00"
532,Kuyon,Aeranar,Kuyon.Aeranar@upc.edu,M,India,"2018-03-13 00:00:00"
533,Bethamira,Dellis,Bethamira.Dellis@upc.edu,F,India,"2018-03-13 00:00:00"
534,Layedanne,Merar,Layedanne.Merar@upc.edu,F,India,"2018-03-13 00:00:00"
535,Arelar,Tserian,Arelar.Tserian@upc.edu,M,India,"2018-03-13 00:00:00"
536,Cuthidil,Danareo,Cuthidil.Danareo@upc.edu,M,India,"2018-03-13 00:00:00"
537,Fuleduhor,Dellianen,Fuleduhor.Dellianen@upc.edu,M,India,"2018-03-13 00:00:00"
538,Elimira,Mareneo,Elimira.Mareneo@upc.edu,F,India,"2018-03-13 00:00:00"
539,Chaludunagas,Dareo,Chaludunagas.Dareo@upc.edu,M,India,"2018-03-13 00:00:00"
540,Bregizor,Cutar,Bregizor.Cutar@upc.edu,M,India,"2018-03-13 00:00:00"
541,Erydir,Iarrar,Erydir.Iarrar@upc.edu,M,India,"2018-03-13 00:00:00"
542,Branechak,Dellen,Branechak.Dellen@upc.edu,M,India,"2018-03-13 00:00:00"
543,Fulydunavor,Iarranen,Fulydunavor.Iarranen@upc.edu,M,India,"2018-03-13 00:00:00"
544,Beturin,Yyrian,Beturin.Yyrian@upc.edu,F,India,"2018-03-13 00:00:00"
545,Cyrothra,Eris,Cyrothra.Eris@upc.edu,F,India,"2018-03-13 00:00:00"
546,Hetturain,Aerelu,Hetturain.Aerelu@upc.edu,M,India,"2018-03-13 00:00:00"
547,Belyma,Derelar,Belyma.Derelar@upc.edu,F,India,"2018-03-13 00:00:00"
548,Elenuldil,Illelu,Elenuldil.Illelu@upc.edu,M,India,"2018-03-13 00:00:00"
549,Cyrorara,Iarran,Cyrorara.Iarran@upc.edu,F,India,"2018-03-13 00:00:00"
550,Camafast,Varian,Camafast.Varian@upc.edu,M,India,"2018-03-13 00:00:00"
551,Lisyldama,Aeroran,Lisyldama.Aeroran@upc.edu,F,India,"2018-03-13 00:00:00"
552,Nyruihor,Yuris,Nyruihor.Yuris@upc.edu,M,India,"2018-03-13 00:00:00"
553,Cyredherin,Tseren,Cyredherin.Tseren@upc.edu,F,India,"2018-03-13 00:00:00"
554,Falohad,Eren,Falohad.Eren@upc.edu,M,India,"2018-03-13 00:00:00"
555,Runyruidin,Kerai,Runyruidin.Kerai@upc.edu,M,India,"2018-03-13 00:00:00"
556,Mayyrata,Yuronnath,Mayyrata.Yuronnath@upc.edu,F,India,"2018-03-13 00:00:00"
557,Branorahek,Kanor,Branorahek.Kanor@upc.edu,M,India,"2018-03-13 00:00:00"
558,Huriyadar,Aerar,Huriyadar.Aerar@upc.edu,M,India,"2018-03-13 00:00:00"
559,Balazilaharaldil,Tserenai,Balazilaharaldil.Tserenai@upc.edu,M,India,"2018-03-13 00:00:00"
560,Radhedunagund,Bettanian,Radhedunagund.Bettanian@upc.edu,M,India,"2018-03-13 00:00:00"
561,Adyyawen,Bananor,Adyyawen.Bananor@upc.edu,F,India,"2018-03-13 00:00:00"
562,Polewen,Analai,Polewen.Analai@upc.edu,F,India,"2018-03-13 00:00:00"
563,Eilinolemira,Derorai,Eilinolemira.Derorai@upc.edu,F,India,"2018-03-13 00:00:00"
564,Nerora,Edraran,Nerora.Edraran@upc.edu,F,India,"2018-03-13 00:00:00"
565,Polinor,Finonnor,Polinor.Finonnor@upc.edu,F,India,"2018-03-13 00:00:00"
566,Haliblek,Yyronneo,Haliblek.Yyronneo@upc.edu,M,India,"2018-03-13 00:00:00"
567,Mardogorn,Edrianai,Mardogorn.Edrianai@upc.edu,M,India,"2018-03-13 00:00:00"
568,Issogar,Tsireo,Issogar.Tsireo@upc.edu,M,India,"2018-03-13 00:00:00"
569,Saleriwen,Dellian,Saleriwen.Dellian@upc.edu,F,India,"2018-03-13 00:00:00"
570,Broduromitar,Varai,Broduromitar.Varai@upc.edu,M,India,"2018-03-13 00:00:00"
571,Bethareta,Baris,Bethareta.Baris@upc.edu,F,India,"2018-03-13 00:00:00"
572,Barychak,Karianan,Barychak.Karianan@upc.edu,M,India,"2018-03-13 00:00:00"
573,Bokaharazor,Bethor,Bokaharazor.Bethor@upc.edu,M,India,"2018-03-13 00:00:00"
574,Cuthylehell,Ianeo,Cuthylehell.Ianeo@upc.edu,M,India,"2018-03-13 00:00:00"
575,Delurostir,Ettianar,Delurostir.Ettianar@upc.edu,M,India,"2018-03-13 00:00:00"
576,Brenurab,Dellanan,Brenurab.Dellanan@upc.edu,M,India,"2018-03-13 00:00:00"
577,Nidir,Illarath,Nidir.Illarath@upc.edu,M,India,"2018-03-13 00:00:00"
578,Yarobers,Kerenu,Yarobers.Kerenu@upc.edu,M,India,"2018-03-13 00:00:00"
579,Beihell,Kerian,Beihell.Kerian@upc.edu,M,India,"2018-03-13 00:00:00"
580,Halithad,Yyressis,Halithad.Yyressis@upc.edu,M,India,"2018-03-14 00:00:00"
581,Bokagund,Ettu,Bokagund.Ettu@upc.edu,M,India,"2018-03-14 00:00:00"
582,Hanedrakath,Illen,Hanedrakath.Illen@upc.edu,M,India,"2018-03-14 00:00:00"
583,Betira,Aeru,Betira.Aeru@upc.edu,F,India,"2018-03-14 00:00:00"
584,Cuthigrim,Kanianis,Cuthigrim.Kanianis@upc.edu,M,India,"2018-03-14 00:00:00"
585,Berulin,Cutianath,Berulin.Cutianath@upc.edu,M,India,"2018-03-14 00:00:00"
586,Adyta,Aeronnian,Adyta.Aeronnian@upc.edu,F,India,"2018-03-14 00:00:00"
587,Brodoran,Maranis,Brodoran.Maranis@upc.edu,M,India,"2018-03-14 00:00:00"
588,Bygas,Yuralai,Bygas.Yuralai@upc.edu,M,India,"2018-03-14 00:00:00"
589,Brodoraleg,Betten,Brodoraleg.Betten@upc.edu,M,India,"2018-03-14 00:00:00"
590,Voruwen,Kanan,Voruwen.Kanan@upc.edu,F,India,"2018-03-14 00:00:00"
591,Hettykalthogar,Merar,Hettykalthogar.Merar@upc.edu,M,India,"2018-03-14 00:00:00"
592,Gunor,Dellorar,Gunor.Dellorar@upc.edu,F,India,"2018-03-14 00:00:00"
593,Chaledunalen,Ianenan,Chaledunalen.Ianenan@upc.edu,M,India,"2018-03-14 00:00:00"
594,Xanikira,Banar,Xanikira.Banar@upc.edu,F,India,"2018-03-14 00:00:00"
595,Salygavea,Cuteo,Salygavea.Cuteo@upc.edu,F,India,"2018-03-14 00:00:00"
596,Arussra,Kanu,Arussra.Kanu@upc.edu,F,India,"2018-03-14 00:00:00"
597,Xanosena,Jedanen,Xanosena.Jedanen@upc.edu,F,India,"2018-03-14 00:00:00"
598,Issyrenik,Iananor,Issyrenik.Iananor@upc.edu,M,India,"2018-03-14 00:00:00"
599,Aeryyavon,Tseralar,Aeryyavon.Tseralar@upc.edu,M,India,"2018-03-14 00:00:00"
600,Aeryth,Yurarai,Aeryth.Yurarai@upc.edu,F,India,"2018-03-14 00:00:00"
601,Loretir,Ianath,Loretir.Ianath@upc.edu,M,India,"2018-03-14 00:00:00"
602,Chokalthogund,Delleo,Chokalthogund.Delleo@upc.edu,M,India,"2018-03-14 00:00:00"
603,Islemina,Dellai,Islemina.Dellai@upc.edu,F,India,"2018-03-14 00:00:00"
604,Porekira,Jedarath,Porekira.Jedarath@upc.edu,F,India,"2018-03-14 00:00:00"
605,Koroldil,Iarrath,Koroldil.Iarrath@upc.edu,M,India,"2018-03-14 00:00:00"
606,Ivubeth,Banor,Ivubeth.Banor@upc.edu,F,India,"2018-03-14 00:00:00"
607,Lelilar,Jedan,Lelilar.Jedan@upc.edu,M,India,"2018-03-14 00:00:00"
608,Polutta,Manath,Polutta.Manath@upc.edu,F,India,"2018-03-14 00:00:00"
609,Belatira,Aeris,Belatira.Aeris@upc.edu,F,India,"2018-03-14 00:00:00"
610,Belegawen,Kyralai,Belegawen.Kyralai@upc.edu,F,India,"2018-03-14 00:00:00"
611,Liseritira,Ettorath,Liseritira.Ettorath@upc.edu,F,India,"2018-03-14 00:00:00"
612,Nerama,Aralis,Nerama.Aralis@upc.edu,F,India,"2018-03-14 00:00:00"
613,Neregotir,Tsirath,Neregotir.Tsirath@upc.edu,M,India,"2018-03-14 00:00:00"
614,Bokaruindur,Keralath,Bokaruindur.Keralath@upc.edu,M,India,"2018-03-14 00:00:00"
615,Elykira,Ianonnis,Elykira.Ianonnis@upc.edu,F,India,"2018-03-14 00:00:00"
616,Beileg,Iarren,Beileg.Iarren@upc.edu,M,India,"2018-03-14 00:00:00"
617,Mayissra,Tserai,Mayissra.Tserai@upc.edu,F,India,"2018-03-14 00:00:00"
618,Xerysewe,Eressu,Xerysewe.Eressu@upc.edu,F,India,"2018-03-14 00:00:00"
619,Alyndur,Jedanen,Alyndur.Jedanen@upc.edu,M,India,"2018-03-14 00:00:00"
620,Tarruvon,Finu,Tarruvon.Finu@upc.edu,M,India,"2018-03-14 00:00:00"
621,Bethelaith,Cutai,Bethelaith.Cutai@upc.edu,F,India,"2018-03-14 00:00:00"
622,Beluda,Kyrar,Beluda.Kyrar@upc.edu,F,India,"2018-03-14 00:00:00"
623,Earulach,Vanalu,Earulach.Vanalu@upc.edu,M,India,"2018-03-14 00:00:00"
624,Turidil,Manai,Turidil.Manai@upc.edu,M,India,"2018-03-14 00:00:00"
625,Porutira,Arar,Porutira.Arar@upc.edu,F,India,"2018-03-14 00:00:00"
626,Mardygasta,Mirath,Mardygasta.Mirath@upc.edu,M,India,"2018-03-14 00:00:00"
627,Arthumas,Merianath,Arthumas.Merianath@upc.edu,M,India,"2018-03-14 00:00:00"
628,Xeryriadatira,Bettareo,Xeryriadatira.Bettareo@upc.edu,F,India,"2018-03-14 00:00:00"
629,Tuloyahir,Dellis,Tuloyahir.Dellis@upc.edu,M,India,"2018-03-14 00:00:00"
630,Gloromirin,Yuraleo,Gloromirin.Yuraleo@upc.edu,F,India,"2018-03-14 00:00:00"
631,Saladhewyn,Ettath,Saladhewyn.Ettath@upc.edu,F,India,"2018-03-14 00:00:00"
632,Glodhetha,Jedian,Glodhetha.Jedian@upc.edu,F,India,"2018-03-14 00:00:00"
633,Aretira,Kanan,Aretira.Kanan@upc.edu,F,India,"2018-03-14 00:00:00"
634,Anyntir,Ettanor,Anyntir.Ettanor@upc.edu,M,India,"2018-03-14 00:00:00"
635,Gilegrim,Arelai,Gilegrim.Arelai@upc.edu,M,India,"2018-03-15 00:00:00"
636,Maledig,Cutai,Maledig.Cutai@upc.edu,M,India,"2018-03-15 00:00:00"
637,Gunuchak,Ethai,Gunuchak.Ethai@upc.edu,M,India,"2018-03-15 00:00:00"
638,Zuboma,Banar,Zuboma.Banar@upc.edu,F,India,"2018-03-15 00:00:00"
639,Lorurig,Ettoreo,Lorurig.Ettoreo@upc.edu,M,India,"2018-03-15 00:00:00"
640,Bararek,Illalath,Bararek.Illalath@upc.edu,M,India,"2018-03-15 00:00:00"
641,Yvurethra,Tsereo,Yvurethra.Tsereo@upc.edu,F,India,"2018-03-15 00:00:00"
642,Xymirin,Arath,Xymirin.Arath@upc.edu,F,India,"2018-03-15 00:00:00"
643,Baleharatir,Finen,Baleharatir.Finen@upc.edu,M,India,"2018-03-15 00:00:00"
644,Harerorig,Varai,Harerorig.Varai@upc.edu,M,India,"2018-03-15 00:00:00"
645,Kagar,Kerai,Kagar.Kerai@upc.edu,M,India,"2018-03-15 00:00:00"
646,Cuthydil,Bettian,Cuthydil.Bettian@upc.edu,M,India,"2018-03-15 00:00:00"
647,Hurimnir,Mararian,Hurimnir.Mararian@upc.edu,M,India,"2018-03-15 00:00:00"
648,Ce'Nosemira,Edressath,Ce'Nosemira.Edressath@upc.edu,F,India,"2018-03-15 00:00:00"
649,Ulfytotar,Dellonnan,Ulfytotar.Dellonnan@upc.edu,M,India,"2018-03-15 00:00:00"
650,Beredir,Manan,Beredir.Manan@upc.edu,M,India,"2018-03-15 00:00:00"
651,Emibrethra,Meronnen,Emibrethra.Meronnen@upc.edu,F,India,"2018-03-15 00:00:00"
652,Adille,Ettalian,Adille.Ettalian@upc.edu,F,India,"2018-03-15 00:00:00"
653,Barudan,Banoris,Barudan.Banoris@upc.edu,M,India,"2018-03-15 00:00:00"
654,Malurath,Tsalessen,Malurath.Tsalessen@upc.edu,M,India,"2018-03-15 00:00:00"
655,Silayath,Kerelor,Silayath.Kerelor@upc.edu,F,India,"2018-03-15 00:00:00"
656,Silyletira,Yyressath,Silyletira.Yyressath@upc.edu,F,India,"2018-03-15 00:00:00"
657,Unryroddadrarek,Banath,Unryroddadrarek.Banath@upc.edu,M,India,"2018-03-15 00:00:00"
658,Fulonarilen,Ianu,Fulonarilen.Ianu@upc.edu,M,India,"2018-03-15 00:00:00"
659,Mardaduvor,Jedelath,Mardaduvor.Jedelath@upc.edu,M,India,"2018-03-15 00:00:00"
660,Erelodunarach,Ianai,Erelodunarach.Ianai@upc.edu,M,India,"2018-03-15 00:00:00"
661,Artherath,Kerenian,Artherath.Kerenian@upc.edu,M,India,"2018-03-15 00:00:00"
662,Elitira,Finu,Elitira.Finu@upc.edu,F,India,"2018-03-15 00:00:00"
663,Zanofast,Darar,Zanofast.Darar@upc.edu,M,India,"2018-03-15 00:00:00"
664,Urthuromirand,Kananar,Urthuromirand.Kananar@upc.edu,M,India,"2018-03-15 00:00:00"
665,Tulymalin,Tsirelor,Tulymalin.Tsirelor@upc.edu,M,India,"2018-03-15 00:00:00"
666,Bethoseda,Yuran,Bethoseda.Yuran@upc.edu,F,India,"2018-03-15 00:00:00"
667,Emelunor,Merar,Emelunor.Merar@upc.edu,F,India,"2018-03-15 00:00:00"
668,Glyldathra,Darath,Glyldathra.Darath@upc.edu,F,India,"2018-03-15 00:00:00"
669,Bregotohad,Yurelai,Bregotohad.Yurelai@upc.edu,M,India,"2018-03-15 00:00:00"
670,Aroseth,Ianianath,Aroseth.Ianianath@upc.edu,F,India,"2018-03-15 00:00:00"
671,Dairidoran,Daran,Dairidoran.Daran@upc.edu,M,India,"2018-03-15 00:00:00"
672,Xomirethra,Maru,Xomirethra.Maru@upc.edu,F,India,"2018-03-15 00:00:00"
673,Isenor,Jedan,Isenor.Jedan@upc.edu,F,India,"2018-03-15 00:00:00"
674,Xelaith,Aeren,Xelaith.Aeren@upc.edu,F,India,"2018-03-15 00:00:00"
675,Alifang,Baran,Alifang.Baran@upc.edu,M,India,"2018-03-15 00:00:00"
676,Radhazilanik,Cutis,Radhazilanik.Cutis@upc.edu,M,India,"2018-03-15 00:00:00"
677,Ragylatharig,Dellan,Ragylatharig.Dellan@upc.edu,M,India,"2018-03-15 00:00:00"
678,Xeregama,Bettai,Xeregama.Bettai@upc.edu,F,India,"2018-03-15 00:00:00"
679,Zubyda,Anath,Zubyda.Anath@upc.edu,F,India,"2018-03-15 00:00:00"
680,Silelrabeth,Yuris,Silelrabeth.Yuris@upc.edu,F,India,"2018-03-15 00:00:00"
681,Bethylerin,Vanar,Bethylerin.Vanar@upc.edu,F,India,"2018-03-15 00:00:00"
682,Dagirath,Eror,Dagirath.Eror@upc.edu,M,India,"2018-03-15 00:00:00"
683,Borotodar,Kyressor,Borotodar.Kyressor@upc.edu,M,India,"2018-03-15 00:00:00"
684,Vorinn,Yyran,Vorinn.Yyran@upc.edu,F,India,"2018-03-15 00:00:00"
685,Voramira,Berar,Voramira.Berar@upc.edu,F,India,"2018-03-15 00:00:00"
686,Lisothra,Manianu,Lisothra.Manianu@upc.edu,F,India,"2018-03-15 00:00:00"
687,Drulach,Varath,Drulach.Varath@upc.edu,M,India,"2018-03-15 00:00:00"
688,Eremyhararan,Iarralan,Eremyhararan.Iarralan@upc.edu,M,India,"2018-03-15 00:00:00"
689,Armotonik,Edroran,Armotonik.Edroran@upc.edu,M,India,"2018-03-15 00:00:00"
690,Giredheba,Illai,Giredheba.Illai@upc.edu,F,India,"2018-03-15 00:00:00"
691,Silonor,Ianai,Silonor.Ianai@upc.edu,F,India,"2018-03-15 00:00:00"
692,Salorin,Cutessen,Salorin.Cutessen@upc.edu,F,India,"2018-03-16 00:00:00"
693,Toronariruiran,Kyralai,Toronariruiran.Kyralai@upc.edu,M,India,"2018-03-16 00:00:00"
694,Gelar,Kanan,Gelar.Kanan@upc.edu,M,India,"2018-03-16 00:00:00"
695,Tuledin,Danis,Tuledin.Danis@upc.edu,M,India,"2018-03-18 00:00:00"
696,Uregagar,Miraru,Uregagar.Miraru@upc.edu,M,India,"2018-03-18 00:00:00"
697,Lisata,Tsalai,Lisata.Tsalai@upc.edu,F,Germany,"2018-03-20 00:00:00"
698,Betekira,Ethis,Betekira.Ethis@upc.edu,F,Germany,"2018-03-20 00:00:00"
699,Zydas,Maronnu,Zydas.Maronnu@upc.edu,M,Germany,"2018-03-20 00:00:00"
700,Ragelathachik,Iarranar,Ragelathachik.Iarranar@upc.edu,M,Germany,"2018-03-20 00:00:00"
701,Bokylathamas,Ethessath,Bokylathamas.Ethessath@upc.edu,M,Germany,"2018-03-20 00:00:00"
702,Tarrikan,Varar,Tarrikan.Varar@upc.edu,M,Germany,"2018-03-20 00:00:00"
703,Samahad,Derianan,Samahad.Derianan@upc.edu,M,Germany,"2018-03-20 00:00:00"
704,Arumira,Banenar,Arumira.Banenar@upc.edu,F,Germany,"2018-03-20 00:00:00"
705,Hettoran,Mereo,Hettoran.Mereo@upc.edu,M,Germany,"2018-03-20 00:00:00"
706,Cyrylratira,Tsirianath,Cyrylratira.Tsirianath@upc.edu,F,Germany,"2018-03-20 00:00:00"
707,Eleniruigabar,Yyreo,Eleniruigabar.Yyreo@upc.edu,M,Germany,"2018-03-20 00:00:00"
708,Ragolar,Kyrelis,Ragolar.Kyrelis@upc.edu,M,Germany,"2018-03-20 00:00:00"
709,Nolin,Erian,Nolin.Erian@upc.edu,M,Germany,"2018-03-20 00:00:00"
710,Haraneg,Illonnor,Haraneg.Illonnor@upc.edu,M,Germany,"2018-03-20 00:00:00"
711,Beledig,Varis,Beledig.Varis@upc.edu,M,Germany,"2018-03-20 00:00:00"
712,Salerialle,Karelen,Salerialle.Karelen@upc.edu,F,Germany,"2018-03-20 00:00:00"
713,Arthuhad,Manonnis,Arthuhad.Manonnis@upc.edu,M,Germany,"2018-03-21 00:00:00"
714,Velewe,Yuressu,Velewe.Yuressu@upc.edu,F,Germany,"2018-03-21 00:00:00"
715,Yvewe,Aronnor,Yvewe.Aronnor@upc.edu,F,Germany,"2018-03-21 00:00:00"
716,Velovena,Barianar,Velovena.Barianar@upc.edu,F,Germany,"2018-03-21 00:00:00"
717,Belyvea,Yyrath,Belyvea.Yyrath@upc.edu,F,Germany,"2018-03-21 00:00:00"
718,Isurin,Arian,Isurin.Arian@upc.edu,F,Germany,"2018-03-21 00:00:00"
719,Chalylerek,Maraneo,Chalylerek.Maraneo@upc.edu,M,Germany,"2018-03-21 00:00:00"
720,Glyrana,Jedu,Glyrana.Jedu@upc.edu,F,Germany,"2018-03-21 00:00:00"
721,Marderoddadur,Varenai,Marderoddadur.Varenai@upc.edu,M,Germany,"2018-03-21 00:00:00"
722,Arybredhemina,Merai,Arybredhemina.Merai@upc.edu,F,Germany,"2018-03-21 00:00:00"
723,Xithra,Cuten,Xithra.Cuten@upc.edu,F,Germany,"2018-03-21 00:00:00"
724,Isorin,Jedenor,Isorin.Jedenor@upc.edu,F,Germany,"2018-03-21 00:00:00"
725,Relgethel,Keressis,Relgethel.Keressis@upc.edu,M,Germany,"2018-03-21 00:00:00"
726,Yarethad,Manoreo,Yarethad.Manoreo@upc.edu,M,Germany,"2018-03-21 00:00:00"
727,Relgosus,Kerath,Relgosus.Kerath@upc.edu,M,Germany,"2018-03-21 00:00:00"
728,Ce'Nyyavea,Danar,Ce'Nyyavea.Danar@upc.edu,F,Germany,"2018-03-21 00:00:00"
729,Gloradheldalle,Manor,Gloradheldalle.Manor@upc.edu,F,Germany,"2018-03-22 00:00:00"
730,Byrion,Yurar,Byrion.Yurar@upc.edu,M,Germany,"2018-03-22 00:00:00"
731,Gulin,Ettanan,Gulin.Ettanan@upc.edu,M,Germany,"2018-03-22 00:00:00"
732,Adussra,Bettoran,Adussra.Bettoran@upc.edu,F,Germany,"2018-03-22 00:00:00"
733,Aeredatira,Tseressu,Aeredatira.Tseressu@upc.edu,F,Germany,"2018-03-22 00:00:00"
734,Bethugann,Finalar,Bethugann.Finalar@upc.edu,F,Germany,"2018-03-22 00:00:00"
735,Adinn,Kananai,Adinn.Kananai@upc.edu,F,Germany,"2018-03-22 00:00:00"
736,Eryrahek,Finen,Eryrahek.Finen@upc.edu,M,Germany,"2018-03-22 00:00:00"
737,Bydedunagen,Kyren,Bydedunagen.Kyren@upc.edu,M,Germany,"2018-03-22 00:00:00"
738,Emaldatha,Danu,Emaldatha.Danu@upc.edu,F,Germany,"2018-03-22 00:00:00"
739,Tulirand,Eressen,Tulirand.Eressen@upc.edu,M,Germany,"2018-03-22 00:00:00"
740,Arilrawyn,Tsiressath,Arilrawyn.Tsiressath@upc.edu,F,Germany,"2018-03-22 00:00:00"
741,Emelyda,Darianen,Emelyda.Darianen@upc.edu,F,Germany,"2018-03-22 00:00:00"
742,Emunor,Marorath,Emunor.Marorath@upc.edu,F,Germany,"2018-03-22 00:00:00"
743,Xutira,Kurrianis,Xutira.Kurrianis@upc.edu,F,Germany,"2018-03-22 00:00:00"
744,Polora,Tserianeo,Polora.Tserianeo@upc.edu,F,Germany,"2018-03-22 00:00:00"
745,Ivyreba,Aerelai,Ivyreba.Aerelai@upc.edu,F,Germany,"2018-03-23 00:00:00"
746,Galolen,Bethanar,Galolen.Bethanar@upc.edu,M,India,"2018-03-25 00:00:00"
747,Brenyyarion,Keror,Brenyyarion.Keror@upc.edu,M,Bulgaria,"2018-03-26 00:00:00"
748,Beleriathra,Maressar,Beleriathra.Maressar@upc.edu,F,Bulgaria,"2018-03-27 00:00:00"
749,Fuladunakalthofang,Varian,Fuladunakalthofang.Varian@upc.edu,M,Bulgaria,"2018-03-27 00:00:00"
750,Alundil,Daneo,Alundil.Daneo@upc.edu,M,Bulgaria,"2018-03-27 00:00:00"
751,Anedurek,Marianar,Anedurek.Marianar@upc.edu,M,Bulgaria,"2018-03-27 00:00:00"
752,Branugohor,Yyran,Branugohor.Yyran@upc.edu,M,Bulgaria,"2018-03-27 00:00:00"
753,Amikan,Jedianor,Amikan.Jedianor@upc.edu,M,Bulgaria,"2018-03-27 00:00:00"
754,Delahararak,Meru,Delahararak.Meru@upc.edu,M,Bulgaria,"2018-03-27 00:00:00"
755,Armimazor,Maren,Armimazor.Maren@upc.edu,M,Bulgaria,"2018-03-27 00:00:00"
756,Duvydar,Yyran,Duvydar.Yyran@upc.edu,M,Bulgaria,"2018-03-27 00:00:00"
757,Dairulach,Manoror,Dairulach.Manoror@upc.edu,M,Bulgaria,"2018-03-27 00:00:00"
758,Xanygarin,Jedeo,Xanygarin.Jedeo@upc.edu,F,Bulgaria,"2018-03-27 00:00:00"
759,Neressra,Anenu,Neressra.Anenu@upc.edu,F,Bulgaria,"2018-03-27 00:00:00"
760,Ce'Nurin,Karessar,Ce'Nurin.Karessar@upc.edu,F,Bulgaria,"2018-03-27 00:00:00"
761,Tulurek,Bethai,Tulurek.Bethai@upc.edu,M,Bulgaria,"2018-03-27 00:00:00"
762,Loroldir,Erai,Loroldir.Erai@upc.edu,M,Bulgaria,"2018-03-27 00:00:00"
763,Salobeth,Jedoror,Salobeth.Jedoror@upc.edu,F,Bulgaria,"2018-03-27 00:00:00"
764,Grinyruibar,Kyran,Grinyruibar.Kyran@upc.edu,M,Bulgaria,"2018-03-27 00:00:00"
765,Bareroddaran,Miru,Bareroddaran.Miru@upc.edu,M,Bulgaria,"2018-03-27 00:00:00"
766,Ulygolin,Illaror,Ulygolin.Illaror@upc.edu,M,Bulgaria,"2018-03-27 00:00:00"
767,Kemnir,Merianian,Kemnir.Merianian@upc.edu,M,Bulgaria,"2018-03-27 00:00:00"
768,Poremina,Derath,Poremina.Derath@upc.edu,F,Bulgaria,"2018-03-27 00:00:00"
769,Velyldarin,Beronnen,Velyldarin.Beronnen@upc.edu,F,Bulgaria,"2018-03-27 00:00:00"
770,Velodalle,Barar,Velodalle.Barar@upc.edu,F,Bulgaria,"2018-03-27 00:00:00"
771,Zubonne,Keris,Zubonne.Keris@upc.edu,F,Bulgaria,"2018-03-27 00:00:00"
772,Brenulin,Barareo,Brenulin.Barareo@upc.edu,M,Bulgaria,"2018-03-27 00:00:00"
773,Nochak,Edroris,Nochak.Edroris@upc.edu,M,Bulgaria,"2018-03-27 00:00:00"
774,Malegen,Kyressen,Malegen.Kyressen@upc.edu,M,Bulgaria,"2018-03-27 00:00:00"
775,Mayavena,Karenath,Mayavena.Karenath@upc.edu,F,Bulgaria,"2018-03-27 00:00:00"
776,Rhykaltholin,Barelian,Rhykaltholin.Barelian@upc.edu,M,Bulgaria,"2018-03-27 00:00:00"
777,Rhodrador,Jedu,Rhodrador.Jedu@upc.edu,M,Bulgaria,"2018-03-27 00:00:00"
778,Zubitira,Bettor,Zubitira.Bettor@upc.edu,F,Bulgaria,"2018-03-27 00:00:00"
779,Zerokhad,Ianis,Zerokhad.Ianis@upc.edu,M,Bulgaria,"2018-03-27 00:00:00"
780,Hurastir,Bareo,Hurastir.Bareo@upc.edu,M,Bulgaria,"2018-03-27 00:00:00"
781,Zerirek,Aeris,Zerirek.Aeris@upc.edu,M,Bulgaria,"2018-03-27 00:00:00"
782,Layikira,Tsalorian,Layikira.Tsalorian@upc.edu,F,Bulgaria,"2018-03-27 00:00:00"
783,Hidig,Illan,Hidig.Illan@upc.edu,M,Bulgaria,"2018-03-27 00:00:00"
784,Belayayon,Daris,Belayayon.Daris@upc.edu,M,Bulgaria,"2018-03-27 00:00:00"
785,Betasewyn,Bethenis,Betasewyn.Bethenis@upc.edu,F,Bulgaria,"2018-03-27 00:00:00"
786,Alysus,Illan,Alysus.Illan@upc.edu,M,Bulgaria,"2018-03-27 00:00:00"
787,Uleldir,Aren,Uleldir.Aren@upc.edu,M,Bulgaria,"2018-03-27 00:00:00"
788,Getantir,Daroreo,Getantir.Daroreo@upc.edu,M,Bulgaria,"2018-03-27 00:00:00"
789,Adyvena,Bettorath,Adyvena.Bettorath@upc.edu,F,Bulgaria,"2018-03-27 00:00:00"
790,Aeridas,Keronnai,Aeridas.Keronnai@upc.edu,M,Bulgaria,"2018-03-27 00:00:00"
791,Falochak,Ethessath,Falochak.Ethessath@upc.edu,M,Bulgaria,"2018-03-27 00:00:00"
792,Xanera,Yyrianeo,Xanera.Yyrianeo@upc.edu,F,Bulgaria,"2018-03-27 00:00:00"
793,Ulfyldir,Etteo,Ulfyldir.Etteo@upc.edu,M,Bulgaria,"2018-03-27 00:00:00"
794,Isath,Kurrianor,Isath.Kurrianor@upc.edu,F,Bulgaria,"2018-03-27 00:00:00"
795,Armidentir,Iarren,Armidentir.Iarren@upc.edu,M,Bulgaria,"2018-03-27 00:00:00"
796,Bregonaririn,Ethenis,Bregonaririn.Ethenis@upc.edu,M,Bulgaria,"2018-03-27 00:00:00"
797,Manurogorn,Baroru,Manurogorn.Baroru@upc.edu,M,Bulgaria,"2018-03-27 00:00:00"
798,Adikira,Kyren,Adikira.Kyren@upc.edu,F,Bulgaria,"2018-03-27 00:00:00"
799,Glorobeth,Deressar,Glorobeth.Deressar@upc.edu,F,Bulgaria,"2018-03-27 00:00:00"
800,Xeryra,Baneo,Xeryra.Baneo@upc.edu,F,Bulgaria,"2018-03-27 00:00:00"
801,Aribreth,Tsironnis,Aribreth.Tsironnis@upc.edu,F,Bulgaria,"2018-03-27 00:00:00"
802,Bogar,Manai,Bogar.Manai@upc.edu,M,Bulgaria,"2018-03-27 00:00:00"
803,Ce'Nomitta,Derai,Ce'Nomitta.Derai@upc.edu,F,Bulgaria,"2018-03-27 00:00:00"
804,Poruriamina,Baren,Poruriamina.Baren@upc.edu,F,Bulgaria,"2018-03-27 00:00:00"
805,Beloma,Kanenis,Beloma.Kanenis@upc.edu,F,Bulgaria,"2018-03-27 00:00:00"
806,Baromas,Finelu,Baromas.Finelu@upc.edu,M,Bulgaria,"2018-03-27 00:00:00"
807,Ulyromisus,Vanessis,Ulyromisus.Vanessis@upc.edu,M,Bulgaria,"2018-03-27 00:00:00"
808,Belossra,Vanu,Belossra.Vanu@upc.edu,F,Bulgaria,"2018-03-27 00:00:00"
809,Durugatar,Finelian,Durugatar.Finelian@upc.edu,M,Bulgaria,"2018-03-27 00:00:00"
810,Xanyrevena,Ianor,Xanyrevena.Ianor@upc.edu,F,Bulgaria,"2018-03-27 00:00:00"
811,Emelugavena,Bethalath,Emelugavena.Bethalath@upc.edu,F,Bulgaria,"2018-03-27 00:00:00"
812,Layimivena,Ettaris,Layimivena.Ettaris@upc.edu,F,Bulgaria,"2018-03-27 00:00:00"
813,Haninarisus,Aranis,Haninarisus.Aranis@upc.edu,M,Bulgaria,"2018-03-27 00:00:00"
814,Lisadatira,Mirar,Lisadatira.Mirar@upc.edu,F,Bulgaria,"2018-03-27 00:00:00"
815,Mayuda,Daren,Mayuda.Daren@upc.edu,F,Bulgaria,"2018-03-27 00:00:00"
816,Hathadurath,Ianelor,Hathadurath.Ianelor@upc.edu,M,Bulgaria,"2018-03-27 00:00:00"
817,Gerin,Tsalessar,Gerin.Tsalessar@upc.edu,F,Bulgaria,"2018-03-27 00:00:00"
818,Xurin,Illath,Xurin.Illath@upc.edu,F,Bulgaria,"2018-03-27 00:00:00"
819,Elata,Betteo,Elata.Betteo@upc.edu,F,Bulgaria,"2018-03-27 00:00:00"
820,Hurudar,Kyrianen,Hurudar.Kyrianen@upc.edu,M,Bulgaria,"2018-03-27 00:00:00"
821,Nerath,Kanessen,Nerath.Kanessen@upc.edu,F,Bulgaria,"2018-03-27 00:00:00"
822,Earelin,Illu,Earelin.Illu@upc.edu,M,Bulgaria,"2018-03-27 00:00:00"
823,Torumas,Tsalarai,Torumas.Tsalarai@upc.edu,M,Bulgaria,"2018-03-27 00:00:00"
824,Glorubeth,Jedalar,Glorubeth.Jedalar@upc.edu,F,Bulgaria,"2018-03-27 00:00:00"
825,Daganeg,Marenu,Daganeg.Marenu@upc.edu,M,Bulgaria,"2018-03-27 00:00:00"
826,Vorytta,Maru,Vorytta.Maru@upc.edu,F,Bulgaria,"2018-03-27 00:00:00"
827,Lisurin,Darelan,Lisurin.Darelan@upc.edu,F,Bulgaria,"2018-03-27 00:00:00"
828,Isumima,Ianorai,Isumima.Ianorai@upc.edu,F,Bulgaria,"2018-03-27 00:00:00"
829,Kantir,Vaneleo,Kantir.Vaneleo@upc.edu,M,Bulgaria,"2018-03-27 00:00:00"
830,Fulublek,Kerianen,Fulublek.Kerianen@upc.edu,M,Bulgaria,"2018-03-27 00:00:00"
831,Tyrim,Deran,Tyrim.Deran@upc.edu,M,Bulgaria,"2018-03-27 00:00:00"
832,Hettulen,Analen,Hettulen.Analen@upc.edu,M,Bulgaria,"2018-03-27 00:00:00"
833,Adulle,Tsirath,Adulle.Tsirath@upc.edu,F,Bulgaria,"2018-03-27 00:00:00"
834,Geturagar,Tseranar,Geturagar.Tseranar@upc.edu,M,Bulgaria,"2018-03-27 00:00:00"
835,Alufast,Ianeo,Alufast.Ianeo@upc.edu,M,Bulgaria,"2018-03-27 00:00:00"
836,Malirach,Dellan,Malirach.Dellan@upc.edu,M,Bulgaria,"2018-03-27 00:00:00"
837,Poritha,Erai,Poritha.Erai@upc.edu,F,Bulgaria,"2018-03-27 00:00:00"
838,Runyroddalen,Barai,Runyroddalen.Barai@upc.edu,M,Bulgaria,"2018-03-27 00:00:00"
839,Voryriarin,Cutessan,Voryriarin.Cutessan@upc.edu,F,Bulgaria,"2018-03-27 00:00:00"
840,Myregorn,Meran,Myregorn.Meran@upc.edu,M,Bulgaria,"2018-03-27 00:00:00"
841,Bregiyadas,Berath,Bregiyadas.Berath@upc.edu,M,Bulgaria,"2018-03-27 00:00:00"
842,Poryramina,Kerenai,Poryramina.Kerenai@upc.edu,F,Bulgaria,"2018-03-27 00:00:00"
843,Ce'Niseda,Ethar,Ce'Niseda.Ethar@upc.edu,F,Bulgaria,"2018-03-27 00:00:00"
844,Yariregodur,Jedar,Yariregodur.Jedar@upc.edu,M,Bulgaria,"2018-03-27 00:00:00"
845,Grinyldir,Manar,Grinyldir.Manar@upc.edu,M,Bulgaria,"2018-03-27 00:00:00"
846,Yvirille,Kurraneo,Yvirille.Kurraneo@upc.edu,F,Bulgaria,"2018-03-27 00:00:00"
847,Ivyra,Aerianu,Ivyra.Aerianu@upc.edu,F,Bulgaria,"2018-03-27 00:00:00"
848,Branukalthokath,Anor,Branukalthokath.Anor@upc.edu,M,Bulgaria,"2018-03-27 00:00:00"
849,Bregarion,Anai,Bregarion.Anai@upc.edu,M,Bulgaria,"2018-03-27 00:00:00"
850,Ce'Nuldanne,Finath,Ce'Nuldanne.Finath@upc.edu,F,Bulgaria,"2018-03-27 00:00:00"
851,Ce'Navea,Cuteo,Ce'Navea.Cuteo@upc.edu,F,Bulgaria,"2018-03-27 00:00:00"
852,Adygavea,Marianai,Adygavea.Marianai@upc.edu,F,Bulgaria,"2018-03-27 00:00:00"
853,Cyrevea,Yyreleo,Cyrevea.Yyreleo@upc.edu,F,Bulgaria,"2018-03-27 00:00:00"
854,Aerygosta,Kyrelian,Aerygosta.Kyrelian@upc.edu,M,Bulgaria,"2018-03-27 00:00:00"
855,Aerera,Banaror,Aerera.Banaror@upc.edu,F,Bulgaria,"2018-03-27 00:00:00"
856,Chalesta,Yyrarai,Chalesta.Yyrarai@upc.edu,M,Bulgaria,"2018-03-27 00:00:00"
857,Belana,Finelan,Belana.Finelan@upc.edu,F,Bulgaria,"2018-03-27 00:00:00"
858,Aneldir,Dellessor,Aneldir.Dellessor@upc.edu,M,Bulgaria,"2018-03-27 00:00:00"
859,Porumira,Karen,Porumira.Karen@upc.edu,F,Bulgaria,"2018-03-27 00:00:00"
860,Aerytha,Karessan,Aerytha.Karessan@upc.edu,F,Bulgaria,"2018-03-27 00:00:00"
861,Aeroldada,Baressu,Aeroldada.Baressu@upc.edu,F,Bulgaria,"2018-03-27 00:00:00"
862,Balahell,Yurath,Balahell.Yurath@upc.edu,M,Bulgaria,"2018-03-27 00:00:00"
863,Xerykira,Areo,Xerykira.Areo@upc.edu,F,Bulgaria,"2018-03-27 00:00:00"
864,Manugund,Kerelen,Manugund.Kerelen@upc.edu,M,Bulgaria,"2018-03-27 00:00:00"
865,Aryrak,Bethen,Aryrak.Bethen@upc.edu,M,Bulgaria,"2018-03-27 00:00:00"
866,Poritira,Bettelis,Poritira.Bettelis@upc.edu,F,Bulgaria,"2018-03-27 00:00:00"
867,Ivurawe,Danai,Ivurawe.Danai@upc.edu,F,Bulgaria,"2018-03-27 00:00:00"
868,Glorylaith,Finarai,Glorylaith.Finarai@upc.edu,F,Bulgaria,"2018-03-27 00:00:00"
869,Layuldanne,Ettan,Layuldanne.Ettan@upc.edu,F,Bulgaria,"2018-03-27 00:00:00"
870,Aroharadar,Deris,Aroharadar.Deris@upc.edu,M,Bulgaria,"2018-03-28 00:00:00"
871,Xorethra,Erai,Xorethra.Erai@upc.edu,F,Bulgaria,"2018-03-28 00:00:00"
872,Unrydin,Ianonnis,Unrydin.Ianonnis@upc.edu,M,Bulgaria,"2018-03-28 00:00:00"
873,Mardirath,Erar,Mardirath.Erar@upc.edu,M,Bulgaria,"2018-03-28 00:00:00"
874,Isumira,Iarralen,Isumira.Iarralen@upc.edu,F,Bulgaria,"2018-03-28 00:00:00"
875,Xeraba,Iarraneo,Xeraba.Iarraneo@upc.edu,F,Bulgaria,"2018-03-28 00:00:00"
876,Grinurethel,Jedeneo,Grinurethel.Jedeneo@upc.edu,M,Bulgaria,"2018-03-28 00:00:00"
877,Falydir,Danan,Falydir.Danan@upc.edu,M,Bulgaria,"2018-03-28 00:00:00"
878,Zubawen,Anor,Zubawen.Anor@upc.edu,F,Bulgaria,"2018-03-28 00:00:00"
879,Layemina,Kurranan,Layemina.Kurranan@upc.edu,F,Bulgaria,"2018-03-28 00:00:00"
880,Siliba,Miressath,Siliba.Miressath@upc.edu,F,Bulgaria,"2018-03-28 00:00:00"
881,Hanuharakor,Illessen,Hanuharakor.Illessen@upc.edu,M,Bulgaria,"2018-03-28 00:00:00"
882,Tosarand,Daneo,Tosarand.Daneo@upc.edu,M,Bulgaria,"2018-03-28 00:00:00"
883,Saleriatha,Yuraris,Saleriatha.Yuraris@upc.edu,F,Bulgaria,"2018-03-28 00:00:00"
884,Aeriba,Karanis,Aeriba.Karanis@upc.edu,F,Bulgaria,"2018-03-28 00:00:00"
885,Xerildathra,Mirai,Xerildathra.Mirai@upc.edu,F,Bulgaria,"2018-03-28 00:00:00"
886,Getugund,Aerian,Getugund.Aerian@upc.edu,M,Bulgaria,"2018-03-28 00:00:00"
887,Layumira,Aris,Layumira.Aris@upc.edu,F,Bulgaria,"2018-03-28 00:00:00"
888,Vorymimira,Yurenor,Vorymimira.Yurenor@upc.edu,F,Bulgaria,"2018-03-28 00:00:00"
889,Unrabers,Meris,Unrabers.Meris@upc.edu,M,Bulgaria,"2018-03-28 00:00:00"
890,Adyda,Tserenai,Adyda.Tserenai@upc.edu,F,Bulgaria,"2018-03-28 00:00:00"
891,Zanavon,Darenian,Zanavon.Darenian@upc.edu,M,Bulgaria,"2018-03-28 00:00:00"
892,Haregrim,Finarian,Haregrim.Finarian@upc.edu,M,Bulgaria,"2018-03-28 00:00:00"
893,Lisimina,Tseroris,Lisimina.Tseroris@upc.edu,F,Bulgaria,"2018-03-28 00:00:00"
894,Layumilaith,Maror,Layumilaith.Maror@upc.edu,F,Bulgaria,"2018-03-28 00:00:00"
895,Xerariath,Ianoreo,Xerariath.Ianoreo@upc.edu,F,Bulgaria,"2018-03-28 00:00:00"
896,Radhibers,Ettarath,Radhibers.Ettarath@upc.edu,M,Bulgaria,"2018-03-28 00:00:00"
897,Adegabeth,Aerarai,Adegabeth.Aerarai@upc.edu,F,Bulgaria,"2018-03-28 00:00:00"
898,Betibreldara,Danian,Betibreldara.Danian@upc.edu,F,Bulgaria,"2018-03-28 00:00:00"
899,Isliyavena,Areo,Isliyavena.Areo@upc.edu,F,Bulgaria,"2018-03-28 00:00:00"
900,Ivassra,Banelen,Ivassra.Banelen@upc.edu,F,Bulgaria,"2018-03-28 00:00:00"
901,Aribreba,Daneleo,Aribreba.Daneleo@upc.edu,F,Bulgaria,"2018-03-28 00:00:00"
902,Isirabeth,Mananian,Isirabeth.Mananian@upc.edu,F,Bulgaria,"2018-03-28 00:00:00"
903,Arylrathra,Eraren,Arylrathra.Eraren@upc.edu,F,Bulgaria,"2018-03-28 00:00:00"
904,Neruldara,Analai,Neruldara.Analai@upc.edu,F,Bulgaria,"2018-03-28 00:00:00"
905,Govena,Mirelian,Govena.Mirelian@upc.edu,F,Bulgaria,"2018-03-28 00:00:00"
906,Marderomirach,Edrai,Marderomirach.Edrai@upc.edu,M,Bulgaria,"2018-03-28 00:00:00"
907,Aribers,Ethessis,Aribers.Ethessis@upc.edu,M,Bulgaria,"2018-03-28 00:00:00"
908,Mayodatira,Yuroreo,Mayodatira.Yuroreo@upc.edu,F,Bulgaria,"2018-03-28 00:00:00"
909,Voruretha,Mirenu,Voruretha.Mirenu@upc.edu,F,Bulgaria,"2018-03-28 00:00:00"
910,Unrihararan,Yuror,Unrihararan.Yuror@upc.edu,M,Bulgaria,"2018-03-28 00:00:00"
911,Hugund,Anorath,Hugund.Anorath@upc.edu,M,Bulgaria,"2018-03-28 00:00:00"
912,Tarrymagrim,Finai,Tarrymagrim.Finai@upc.edu,M,Bulgaria,"2018-03-28 00:00:00"
913,Alydas,Cuteo,Alydas.Cuteo@upc.edu,M,Bulgaria,"2018-03-28 00:00:00"
914,Harigen,Kerelis,Harigen.Kerelis@upc.edu,M,Bulgaria,"2018-03-28 00:00:00"
915,Gloraba,Deran,Gloraba.Deran@upc.edu,F,Bulgaria,"2018-03-28 00:00:00"
916,Halunaridir,Baran,Halunaridir.Baran@upc.edu,M,Bulgaria,"2018-03-28 00:00:00"
917,Urarominik,Bettianen,Urarominik.Bettianen@upc.edu,M,Bulgaria,"2018-03-28 00:00:00"
918,Amegochik,Anelis,Amegochik.Anelis@upc.edu,M,Bulgaria,"2018-03-28 00:00:00"
919,Ce'Nevea,Tseronnath,Ce'Nevea.Tseronnath@upc.edu,F,Bulgaria,"2018-03-28 00:00:00"
920,Mayida,Tsalanar,Mayida.Tsalanar@upc.edu,F,Bulgaria,"2018-03-28 00:00:00"
921,Berideharaldil,Ananai,Berideharaldil.Ananai@upc.edu,M,Bulgaria,"2018-03-28 00:00:00"
922,Griniyasta,Marianu,Griniyasta.Marianu@upc.edu,M,Bulgaria,"2018-03-28 00:00:00"
923,Gunandil,Edrareo,Gunandil.Edrareo@upc.edu,M,Bulgaria,"2018-03-28 00:00:00"
924,Xota,Dellarath,Xota.Dellarath@upc.edu,F,Bulgaria,"2018-03-28 00:00:00"
925,Elolebeth,Aroror,Elolebeth.Aroror@upc.edu,F,Bulgaria,"2018-03-28 00:00:00"
926,Polynne,Varu,Polynne.Varu@upc.edu,F,Bulgaria,"2018-03-28 00:00:00"
927,Armidobers,Jedu,Armidobers.Jedu@upc.edu,M,Bulgaria,"2018-03-28 00:00:00"
928,Galirechak,Banenar,Galirechak.Banenar@upc.edu,M,Bulgaria,"2018-03-28 00:00:00"
929,Emelewen,Bethorar,Emelewen.Bethorar@upc.edu,F,Bulgaria,"2018-03-28 00:00:00"
930,Nerokira,Aroror,Nerokira.Aroror@upc.edu,F,Bulgaria,"2018-03-28 00:00:00"
931,Islagarin,Yyrar,Islagarin.Yyrar@upc.edu,F,Bulgaria,"2018-03-28 00:00:00"
932,Lisawe,Marar,Lisawe.Marar@upc.edu,F,Bulgaria,"2018-03-28 00:00:00"
933,Elawyn,Berar,Elawyn.Berar@upc.edu,F,Bulgaria,"2018-03-28 00:00:00"
934,Ce'Nalaith,Kyroror,Ce'Nalaith.Kyroror@upc.edu,F,Bulgaria,"2018-03-28 00:00:00"
935,Armylatharak,Aror,Armylatharak.Aror@upc.edu,M,Bulgaria,"2018-03-28 00:00:00"
936,Elinne,Bethu,Elinne.Bethu@upc.edu,F,Bulgaria,"2018-03-28 00:00:00"
937,Kuharaleg,Erorar,Kuharaleg.Erorar@upc.edu,M,Bulgaria,"2018-03-28 00:00:00"
938,Aerylralaith,Tseranai,Aerylralaith.Tseranai@upc.edu,F,Bulgaria,"2018-03-28 00:00:00"
939,Duvostir,Tseranar,Duvostir.Tseranar@upc.edu,M,Bulgaria,"2018-03-28 00:00:00"
940,Adeda,Derath,Adeda.Derath@upc.edu,F,Bulgaria,"2018-03-28 00:00:00"
941,Hurodurath,Delleo,Hurodurath.Delleo@upc.edu,M,Bulgaria,"2018-03-28 00:00:00"
942,Silaminne,Jedorar,Silaminne.Jedorar@upc.edu,F,Bulgaria,"2018-03-28 00:00:00"
943,Adidhekira,Tseronnian,Adidhekira.Tseronnian@upc.edu,F,Bulgaria,"2018-03-28 00:00:00"
944,Samuromirach,Maneo,Samuromirach.Maneo@upc.edu,M,Bulgaria,"2018-03-28 00:00:00"
945,Bethumira,Tseraren,Bethumira.Tseraren@upc.edu,F,Bulgaria,"2018-03-28 00:00:00"
946,Falabar,Yyralar,Falabar.Yyralar@upc.edu,M,Bulgaria,"2018-03-28 00:00:00"
947,Bregerion,Dellarai,Bregerion.Dellarai@upc.edu,M,Bulgaria,"2018-03-28 00:00:00"
948,Khelidan,Kanai,Khelidan.Kanai@upc.edu,M,Bulgaria,"2018-03-28 00:00:00"
949,Bethodaldabeth,Anor,Bethodaldabeth.Anor@upc.edu,F,Bulgaria,"2018-03-28 00:00:00"
950,Emelymira,Derenu,Emelymira.Derenu@upc.edu,F,Bulgaria,"2018-03-28 00:00:00"
951,Xeretta,Keroru,Xeretta.Keroru@upc.edu,F,Bulgaria,"2018-03-28 00:00:00"
952,Saluwyn,Daressu,Saluwyn.Daressu@upc.edu,F,Bulgaria,"2018-03-28 00:00:00"
953,Eilinoganor,Karalan,Eilinoganor.Karalan@upc.edu,F,Bulgaria,"2018-03-28 00:00:00"
954,Saluriaba,Kanaleo,Saluriaba.Kanaleo@upc.edu,F,Bulgaria,"2018-03-28 00:00:00"
955,Xerewen,Ettan,Xerewen.Ettan@upc.edu,F,Bulgaria,"2018-03-28 00:00:00"
956,Toroneg,Kurrar,Toroneg.Kurrar@upc.edu,M,Bulgaria,"2018-03-28 00:00:00"
957,Daimolathachak,Yuror,Daimolathachak.Yuror@upc.edu,M,Bulgaria,"2018-03-28 00:00:00"
958,Ivowen,Bettaran,Ivowen.Bettaran@upc.edu,F,Bulgaria,"2018-03-28 00:00:00"
959,Mykhad,Edrenai,Mykhad.Edrenai@upc.edu,M,Bulgaria,"2018-03-28 00:00:00"
960,Duvetir,Danesseo,Duvetir.Danesseo@upc.edu,M,Bulgaria,"2018-03-28 00:00:00"
961,Betomira,Maneo,Betomira.Maneo@upc.edu,F,Bulgaria,"2018-03-28 00:00:00"
962,Isawen,Dellor,Isawen.Dellor@upc.edu,F,Bulgaria,"2018-03-28 00:00:00"
963,Korodil,Finanai,Korodil.Finanai@upc.edu,M,Bulgaria,"2018-03-28 00:00:00"
964,Goragolen,Tseronnian,Goragolen.Tseronnian@upc.edu,M,Bulgaria,"2018-03-28 00:00:00"
965,Bethurina,Yurianian,Bethurina.Yurianian@upc.edu,F,Bulgaria,"2018-03-28 00:00:00"
966,Betodhema,Yuroris,Betodhema.Yuroris@upc.edu,F,Bulgaria,"2018-03-28 00:00:00"
967,Hettathel,Areo,Hettathel.Areo@upc.edu,M,Bulgaria,"2018-03-28 00:00:00"
968,Poranne,Karelar,Poranne.Karelar@upc.edu,F,Bulgaria,"2018-03-28 00:00:00"
969,Betudhenne,Vanu,Betudhenne.Vanu@upc.edu,F,Bulgaria,"2018-03-28 00:00:00"
970,Silubeth,Maressar,Silubeth.Maressar@upc.edu,F,Bulgaria,"2018-03-28 00:00:00"
971,Nerolle,Varu,Nerolle.Varu@upc.edu,F,Bulgaria,"2018-03-28 00:00:00"
972,Vorimira,Iarressor,Vorimira.Iarressor@upc.edu,F,Bulgaria,"2018-03-28 00:00:00"
973,Yvetta,Vanianar,Yvetta.Vanianar@upc.edu,F,Bulgaria,"2018-03-28 00:00:00"
974,Nerydatira,Aren,Nerydatira.Aren@upc.edu,F,Bulgaria,"2018-03-28 00:00:00"
975,Chavor,Analai,Chavor.Analai@upc.edu,M,Bulgaria,"2018-03-28 00:00:00"
976,Branadin,Ethessan,Branadin.Ethessan@upc.edu,M,Bulgaria,"2018-03-28 00:00:00"
977,Guna,Karalath,Guna.Karalath@upc.edu,F,Bulgaria,"2018-03-28 00:00:00"
978,Chikor,Ettelan,Chikor.Ettelan@upc.edu,M,Bulgaria,"2018-03-28 00:00:00"
979,Velobrewen,Bettaris,Velobrewen.Bettaris@upc.edu,F,Bulgaria,"2018-03-28 00:00:00"
980,Xuthra,Kerai,Xuthra.Kerai@upc.edu,F,Bulgaria,"2018-03-28 00:00:00"
981,Amyledin,Varian,Amyledin.Varian@upc.edu,M,Bulgaria,"2018-03-28 00:00:00"
982,Aledan,Deru,Aledan.Deru@upc.edu,M,Bulgaria,"2018-03-28 00:00:00"
983,Salurin,Illar,Salurin.Illar@upc.edu,F,Bulgaria,"2018-03-28 00:00:00"
984,Ragarakor,Ianu,Ragarakor.Ianu@upc.edu,M,Bulgaria,"2018-03-28 00:00:00"
985,Alidunadil,Tserelian,Alidunadil.Tserelian@upc.edu,M,Bulgaria,"2018-03-28 00:00:00"
986,Bokugund,Karath,Bokugund.Karath@upc.edu,M,Bulgaria,"2018-03-28 00:00:00"
987,Berodoharablek,Kerar,Berodoharablek.Kerar@upc.edu,M,Bulgaria,"2018-03-28 00:00:00"
988,Velymithra,Bararian,Velymithra.Bararian@upc.edu,F,Bulgaria,"2018-03-28 00:00:00"
989,Lisatira,Karan,Lisatira.Karan@upc.edu,F,Bulgaria,"2018-03-28 00:00:00"
990,Durygund,Illan,Durygund.Illan@upc.edu,M,Bulgaria,"2018-03-28 00:00:00"
991,Porynn,Meru,Porynn.Meru@upc.edu,F,Bulgaria,"2018-03-28 00:00:00"
992,Ulferig,Kyrianar,Ulferig.Kyrianar@upc.edu,M,Bulgaria,"2018-03-28 00:00:00"
993,Oluzor,Vanen,Oluzor.Vanen@upc.edu,M,Bulgaria,"2018-03-28 00:00:00"
994,Chamogalar,Cutanian,Chamogalar.Cutanian@upc.edu,M,Bulgaria,"2018-03-28 00:00:00"
995,Nuromiblek,Varianu,Nuromiblek.Varianu@upc.edu,M,Bulgaria,"2018-03-29 00:00:00"
996,Adobeth,Deren,Adobeth.Deren@upc.edu,F,Bulgaria,"2018-03-29 00:00:00"
997,Unrevon,Yyrianor,Unrevon.Yyrianor@upc.edu,M,Bulgaria,"2018-03-29 00:00:00"
998,Silyda,Banoreo,Silyda.Banoreo@upc.edu,F,Bulgaria,"2018-03-29 00:00:00"
999,Hotir,Tserath,Hotir.Tserath@upc.edu,M,Bulgaria,"2018-03-29 00:00:00"
